segment_id,lat,lng
shiyakusho_to_kotobuki,31.377977,130.853560
shiyakusho_to_kotobuki,31.377564,130.853759
shiyakusho_to_kotobuki,31.377535,130.853827
shiyakusho_to_kotobuki,31.377982,130.855639
shiyakusho_to_kotobuki,31.377981,130.855640
shiyakusho_to_kotobuki,31.382953,130.854193
shiyakusho_to_kotobuki,31.383185,130.854033
shiyakusho_to_kotobuki,31.384358,130.853133
shiyakusho_to_kotobuki,31.384562,130.853077
shiyakusho_to_kotobuki,31.386086,130.852966
shiyakusho_to_kotobuki,31.386093,130.853058
shiyakusho_to_kotobuki,31.386080,130.853373
shiyakusho_to_kotobuki,31.386158,130.853781
shiyakusho_to_kotobuki,31.386193,130.853878
shiyakusho_to_kotobuki,31.386679,130.854877
shiyakusho_to_kotobuki,31.386750,130.855500
shiyakusho_to_kotobuki,31.386591,130.856316
shiyakusho_to_kotobuki,31.386142,130.857911
shiyakusho_to_kotobuki,31.386071,130.859801
shiyakusho_to_kotobuki,31.386091,130.859959
kanoya_to_shiyakusho,31.388773,130.850192
kanoya_to_shiyakusho,31.387637,130.849860
kanoya_to_shiyakusho,31.386406,130.850134
kanoya_to_shiyakusho,31.385555,130.850715
kanoya_to_shiyakusho,31.384792,130.851448
kanoya_to_shiyakusho,31.382375,130.852591
kanoya_to_shiyakusho,31.379422,130.852894
kanoya_to_shiyakusho,31.377977,130.853560
joshiko_to_kanoya,31.385239,130.837481
joshiko_to_kanoya,31.387556,130.840974
joshiko_to_kanoya,31.387634,130.841163
joshiko_to_kanoya,31.387660,130.844107
joshiko_to_kanoya,31.388269,130.845972
joshiko_to_kanoya,31.388946,130.846659
joshiko_to_kanoya,31.389030,130.846840
joshiko_to_kanoya,31.389038,130.847049
joshiko_to_kanoya,31.388211,130.849943
joshiko_to_kanoya,31.388218,130.850019
joshiko_to_kanoya,31.388773,130.850192
kokutai_to_joshiko,31.383132,130.833439
kokutai_to_joshiko,31.383456,130.834754
kokutai_to_joshiko,31.385239,130.837481
taiikudai_to_kokutai,31.396963,130.790093
taiikudai_to_kokutai,31.396845,130.791662
taiikudai_to_kokutai,31.396341,130.792892
taiikudai_to_kokutai,31.395878,130.793532
taiikudai_to_kokutai,31.395462,130.793933
taiikudai_to_kokutai,31.394820,130.794810
taiikudai_to_kokutai,31.392347,130.797071
taiikudai_to_kokutai,31.389561,130.801851
taiikudai_to_kokutai,31.387438,130.803796
taiikudai_to_kokutai,31.386852,130.804054
taiikudai_to_kokutai,31.386503,130.804377
taiikudai_to_kokutai,31.385960,130.805460
taiikudai_to_kokutai,31.385860,130.805969
taiikudai_to_kokutai,31.385910,130.807017
taiikudai_to_kokutai,31.385793,130.807412
taiikudai_to_kokutai,31.385692,130.807585
taiikudai_to_kokutai,31.385568,130.807737
taiikudai_to_kokutai,31.384014,130.808786
taiikudai_to_kokutai,31.382100,130.811570
taiikudai_to_kokutai,31.380737,130.812765
taiikudai_to_kokutai,31.380551,130.813122
taiikudai_to_kokutai,31.380468,130.813423
taiikudai_to_kokutai,31.380336,130.814990
taiikudai_to_kokutai,31.380070,130.821804
taiikudai_to_kokutai,31.383132,130.833439
furue_to_taiikudai,31.404679,130.768852
furue_to_taiikudai,31.404316,130.769158
furue_to_taiikudai,31.403560,130.769487
furue_to_taiikudai,31.402304,130.770677
furue_to_taiikudai,31.401386,130.771096
furue_to_taiikudai,31.401323,130.771170
furue_to_taiikudai,31.401250,130.771361
furue_to_taiikudai,31.401231,130.771464
furue_to_taiikudai,31.401240,130.771568
furue_to_taiikudai,31.401319,130.771755
furue_to_taiikudai,31.401461,130.771881
furue_to_taiikudai,31.401890,130.772036
furue_to_taiikudai,31.401967,130.772087
furue_to_taiikudai,31.402036,130.772154
furue_to_taiikudai,31.402077,130.772246
furue_to_taiikudai,31.402090,130.772349
furue_to_taiikudai,31.402015,130.772537
furue_to_taiikudai,31.401652,130.773004
furue_to_taiikudai,31.401423,130.773168
furue_to_taiikudai,31.400896,130.773288
furue_to_taiikudai,31.400813,130.773327
furue_to_taiikudai,31.400739,130.773384
furue_to_taiikudai,31.400679,130.773462
furue_to_taiikudai,31.400441,130.774360
furue_to_taiikudai,31.400398,130.774452
furue_to_taiikudai,31.399994,130.774866
furue_to_taiikudai,31.399911,130.774900
furue_to_taiikudai,31.399823,130.774908
furue_to_taiikudai,31.399737,130.774879
furue_to_taiikudai,31.399662,130.774822
furue_to_taiikudai,31.399611,130.774737
furue_to_taiikudai,31.399590,130.774637
furue_to_taiikudai,31.399538,130.774117
furue_to_taiikudai,31.399509,130.774017
furue_to_taiikudai,31.399390,130.773860
furue_to_taiikudai,31.399315,130.773803
furue_to_taiikudai,31.399231,130.773766
furue_to_taiikudai,31.398339,130.773663
furue_to_taiikudai,31.398162,130.773699
furue_to_taiikudai,31.397994,130.773774
furue_to_taiikudai,31.396056,130.775805
furue_to_taiikudai,31.394194,130.776835
furue_to_taiikudai,31.393780,130.777236
furue_to_taiikudai,31.393732,130.777325
furue_to_taiikudai,31.393707,130.777426
furue_to_taiikudai,31.393700,130.777531
furue_to_taiikudai,31.393713,130.777634
furue_to_taiikudai,31.393749,130.777728
furue_to_taiikudai,31.393857,130.777897
furue_to_taiikudai,31.394389,130.778284
furue_to_taiikudai,31.396708,130.779114
furue_to_taiikudai,31.397067,130.779427
furue_to_taiikudai,31.397205,130.779696
furue_to_taiikudai,31.397439,130.781026
furue_to_taiikudai,31.396963,130.790093
shinjo_to_furue,31.428754,130.753973
shinjo_to_furue,31.427737,130.755708
shinjo_to_furue,31.427607,130.755853
shinjo_to_furue,31.427299,130.756070
shinjo_to_furue,31.425484,130.756667
shinjo_to_furue,31.424953,130.757057
shinjo_to_furue,31.423522,130.758948
shinjo_to_furue,31.423448,130.758959
shinjo_to_furue,31.423285,130.758880
shinjo_to_furue,31.423198,130.758891
shinjo_to_furue,31.422154,130.759196
shinjo_to_furue,31.421620,130.759129
shinjo_to_furue,31.419984,130.758567
shinjo_to_furue,31.419089,130.758609
shinjo_to_furue,31.415738,130.759776
shinjo_to_furue,31.413455,130.760998
shinjo_to_furue,31.413280,130.761030
shinjo_to_furue,31.412566,130.760950
shinjo_to_furue,31.412133,130.761081
shinjo_to_furue,31.408448,130.764757
shinjo_to_furue,31.407195,130.766403
shinjo_to_furue,31.405894,130.767340
shinjo_to_furue,31.405328,130.768282
shinjo_to_furue,31.404682,130.768848
shinjo_to_furue,31.404679,130.768852
miyawaki_to_shinjo,31.453048,130.727608
miyawaki_to_shinjo,31.450557,130.732478
miyawaki_to_shinjo,31.447491,130.735713
miyawaki_to_shinjo,31.443793,130.737623
miyawaki_to_shinjo,31.443065,130.738404
miyawaki_to_shinjo,31.439019,130.742541
miyawaki_to_shinjo,31.437629,130.744736
miyawaki_to_shinjo,31.430270,130.751463
miyawaki_to_shinjo,31.428761,130.753951
miyawaki_to_shinjo,31.428754,130.753973
minatohira_to_miyawaki,31.482435,130.695758
minatohira_to_miyawaki,31.479460,130.696520
minatohira_to_miyawaki,31.471773,130.697206
minatohira_to_miyawaki,31.461493,130.702949
minatohira_to_miyawaki,31.458950,130.706061
minatohira_to_miyawaki,31.458294,130.709216
minatohira_to_miyawaki,31.456907,130.717803
minatohira_to_miyawaki,31.454624,130.725008
minatohira_to_miyawaki,31.454239,130.725588
minatohira_to_miyawaki,31.453622,130.726352
minatohira_to_miyawaki,31.453048,130.727608
tarumizu_port_to_minatohira,31.484401,130.691989
tarumizu_port_to_minatohira,31.484487,130.691970
tarumizu_port_to_minatohira,31.484570,130.691990
tarumizu_port_to_minatohira,31.484615,130.692076
tarumizu_port_to_minatohira,31.484630,130.692496
tarumizu_port_to_minatohira,31.484614,130.692598
tarumizu_port_to_minatohira,31.484557,130.692673
tarumizu_port_to_minatohira,31.482676,130.692738
tarumizu_port_to_minatohira,31.482611,130.692768
tarumizu_port_to_minatohira,31.483115,130.695652
tarumizu_port_to_minatohira,31.483151,130.695749
tarumizu_port_to_minatohira,31.483099,130.695772
tarumizu_port_to_minatohira,31.482435,130.695758
chigomatsu_to_shibushi_hs,31.467824,131.084430
chigomatsu_to_shibushi_hs,31.469663,131.087710
oshigiri_to_chigomatsu,31.453996,131.059931
oshigiri_to_chigomatsu,31.464209,131.073355
oshigiri_to_chigomatsu,31.465580,131.077019
oshigiri_to_chigomatsu,31.466574,131.081718
oshigiri_to_chigomatsu,31.467510,131.083759
oshigiri_to_chigomatsu,31.467531,131.083862
oshigiri_to_chigomatsu,31.467814,131.084401
higashikushira_to_oshigiri,31.425598,131.006627
higashikushira_to_oshigiri,31.426319,131.010742
higashikushira_to_oshigiri,31.428624,131.014365
higashikushira_to_oshigiri,31.430161,131.015442
higashikushira_to_oshigiri,31.434380,131.020617
higashikushira_to_oshigiri,31.443012,131.038597
higashikushira_to_oshigiri,31.445133,131.044848
higashikushira_to_oshigiri,31.444972,131.047675
higashikushira_to_oshigiri,31.445132,131.048387
higashikushira_to_oshigiri,31.445427,131.048913
higashikushira_to_oshigiri,31.447352,131.051269
higashikushira_to_oshigiri,31.449544,131.055497
higashikushira_to_oshigiri,31.452914,131.058281
higashikushira_to_oshigiri,31.453996,131.059931
asuparu_to_oshigiri,31.438021,131.030577
asuparu_to_oshigiri,31.438098,131.030600
asuparu_to_oshigiri,31.438140,131.030669
asuparu_to_oshigiri,31.438124,131.030766
asuparu_to_oshigiri,31.438259,131.030999
asuparu_to_oshigiri,31.438313,131.031059
asuparu_to_oshigiri,31.439066,131.030486
asuparu_to_oshigiri,31.439120,131.030535
asuparu_to_oshigiri,31.443009,131.038587
asuparu_to_oshigiri,31.445130,131.044838
asuparu_to_oshigiri,31.444971,131.047665
asuparu_to_oshigiri,31.445129,131.048377
asuparu_to_oshigiri,31.445420,131.048905
asuparu_to_oshigiri,31.447347,131.051260
asuparu_to_oshigiri,31.449597,131.055569
asuparu_to_oshigiri,31.452908,131.058273
asuparu_to_oshigiri,31.453996,131.059931
osaki_to_asuparu,31.425598,131.006627
osaki_to_asuparu,31.426319,131.010742
osaki_to_asuparu,31.428624,131.014365
osaki_to_asuparu,31.430161,131.015442
osaki_to_asuparu,31.434380,131.020617
osaki_to_asuparu,31.439081,131.030451
osaki_to_asuparu,31.439028,131.030512
osaki_to_asuparu,31.438350,131.031027
osaki_to_asuparu,31.438284,131.031044
osaki_to_asuparu,31.438134,131.030804
osaki_to_asuparu,31.438010,131.030830
osaki_to_asuparu,31.437950,131.030776
osaki_to_asuparu,31.437930,131.030694
osaki_to_asuparu,31.437955,131.030615
osaki_to_asuparu,31.438021,131.030577
higashikushira_to_osaki,31.390405,130.958069
higashikushira_to_osaki,31.390939,130.961477
higashikushira_to_osaki,31.393246,130.966352
higashikushira_to_osaki,31.393316,130.966417
higashikushira_to_osaki,31.393355,130.966441
higashikushira_to_osaki,31.393482,130.966490
higashikushira_to_osaki,31.393661,130.966492
higashikushira_to_osaki,31.395384,130.965915
higashikushira_to_osaki,31.395742,130.965939
higashikushira_to_osaki,31.396164,130.966116
higashikushira_to_osaki,31.396588,130.966501
higashikushira_to_osaki,31.397681,130.967899
higashikushira_to_osaki,31.397825,130.968025
higashikushira_to_osaki,31.397908,130.968060
higashikushira_to_osaki,31.397972,130.968109
higashikushira_to_osaki,31.417282,130.998727
higashikushira_to_osaki,31.418272,131.000606
higashikushira_to_osaki,31.418976,131.001256
higashikushira_to_osaki,31.424102,131.003518
higashikushira_to_osaki,31.424386,131.003775
higashikushira_to_osaki,31.425289,131.005589
higashikushira_to_osaki,31.425598,131.006627
kushira_to_higashikushira,31.390405,130.958069
kushira_to_higashikushira,31.390939,130.961477
kushira_to_higashikushira,31.392440,130.964764
kushira_shogyo_to_kushira,31.393133,130.949060
kushira_shogyo_to_kushira,31.391927,130.952800
kushira_shogyo_to_kushira,31.391893,130.953323
kushira_shogyo_to_kushira,31.391771,130.953602
kushira_shogyo_to_kushira,31.391702,130.953668
kushira_shogyo_to_kushira,31.391536,130.953743
kushira_shogyo_to_kushira,31.391391,130.953866
kushira_shogyo_to_kushira,31.390967,130.954790
kushira_shogyo_to_kushira,31.390943,130.954997
kushira_shogyo_to_kushira,31.390944,130.955206
kushira_shogyo_to_kushira,31.390909,130.955302
kushira_shogyo_to_kushira,31.390850,130.955381
kushira_shogyo_to_kushira,31.390408,130.955736
kushira_shogyo_to_kushira,31.390250,130.955991
kushira_shogyo_to_kushira,31.390040,130.956573
kushira_shogyo_to_kushira,31.390010,130.956779
kushira_shogyo_to_kushira,31.390099,130.957401
kushira_shogyo_to_kushira,31.390130,130.957499
kushira_shogyo_to_kushira,31.390399,130.958047
kushira_shogyo_to_kushira,31.390405,130.958069
higashikasanohara_to_kushira_shogyo,31.388442,130.894665
higashikasanohara_to_kushira_shogyo,31.389820,130.899455
higashikasanohara_to_kushira_shogyo,31.389823,130.899979
higashikasanohara_to_kushira_shogyo,31.389740,130.900389
higashikasanohara_to_kushira_shogyo,31.389376,130.901235
higashikasanohara_to_kushira_shogyo,31.389310,130.901538
higashikasanohara_to_kushira_shogyo,31.389328,130.901853
higashikasanohara_to_kushira_shogyo,31.389463,130.902241
higashikasanohara_to_kushira_shogyo,31.390200,130.903561
higashikasanohara_to_kushira_shogyo,31.390284,130.903861
higashikasanohara_to_kushira_shogyo,31.390464,130.908274
higashikasanohara_to_kushira_shogyo,31.390677,130.908848
higashikasanohara_to_kushira_shogyo,31.390899,130.909178
higashikasanohara_to_kushira_shogyo,31.393277,130.911237
higashikasanohara_to_kushira_shogyo,31.393619,130.911847
higashikasanohara_to_kushira_shogyo,31.393670,130.912154
higashikasanohara_to_kushira_shogyo,31.394154,130.939511
higashikasanohara_to_kushira_shogyo,31.394344,130.939988
higashikasanohara_to_kushira_shogyo,31.394895,130.940811
higashikasanohara_to_kushira_shogyo,31.395025,130.941194
higashikasanohara_to_kushira_shogyo,31.395060,130.941400
higashikasanohara_to_kushira_shogyo,31.395048,130.942344
higashikasanohara_to_kushira_shogyo,31.394876,130.942941
higashikasanohara_to_kushira_shogyo,31.394090,130.944941
higashikasanohara_to_kushira_shogyo,31.393982,130.945665
higashikasanohara_to_kushira_shogyo,31.394005,130.946182
higashikasanohara_to_kushira_shogyo,31.393943,130.946257
higashikasanohara_to_kushira_shogyo,31.393797,130.946377
higashikasanohara_to_kushira_shogyo,31.393702,130.946555
higashikasanohara_to_kushira_shogyo,31.393133,130.949060
kotobuki_to_higashikasanohara,31.386091,130.859959
kotobuki_to_higashikasanohara,31.388123,130.893323
kotobuki_to_higashikasanohara,31.388442,130.894665
shibushi_hs_to_shibushi_eki_ue,31.469663,131.087710
shibushi_hs_to_shibushi_eki_ue,31.470032,131.088426
shibushi_hs_to_shibushi_eki_ue,31.470092,131.088505
shibushi_hs_to_shibushi_eki_ue,31.472876,131.093402
shibushi_hs_to_shibushi_eki_ue,31.473735,131.096055
tarumizu_to_minatohira,31.493619,130.698182
tarumizu_to_minatohira,31.493559,130.698378
tarumizu_to_minatohira,31.493580,130.698566
tarumizu_to_minatohira,31.493439,130.699061
tarumizu_to_minatohira,31.493359,130.699098
tarumizu_to_minatohira,31.493270,130.699090
tarumizu_to_minatohira,31.493208,130.699143
tarumizu_to_minatohira,31.492242,130.701523
tarumizu_to_minatohira,31.489180,130.700080
tarumizu_to_minatohira,31.486314,130.697544
tarumizu_to_minatohira,31.486067,130.697419
tarumizu_to_minatohira,31.486054,130.697408
tarumizu_to_minatohira,31.485442,130.697002
tarumizu_to_minatohira,31.485379,130.696930
tarumizu_to_minatohira,31.483532,130.695856
tarumizu_to_minatohira,31.482435,130.695758
minatohira_to_tarumizu,31.482435,130.695758
minatohira_to_tarumizu,31.483424,130.695825
minatohira_to_tarumizu,31.485361,130.696918
minatohira_to_tarumizu,31.486048,130.697409
minatohira_to_tarumizu,31.486054,130.697408
minatohira_to_tarumizu,31.489322,130.700164
minatohira_to_tarumizu,31.492232,130.701545
minatohira_to_tarumizu,31.493199,130.699165
minatohira_to_tarumizu,31.493215,130.699075
minatohira_to_tarumizu,31.493181,130.698986
minatohira_to_tarumizu,31.493237,130.698787
minatohira_to_tarumizu,31.493462,130.698458
minatohira_to_tarumizu,31.493542,130.698432
minatohira_to_tarumizu,31.493619,130.698182
tarumizu_port_to_tarumizu,31.484401,130.691989
tarumizu_port_to_tarumizu,31.484487,130.691970
tarumizu_port_to_tarumizu,31.484570,130.691990
tarumizu_port_to_tarumizu,31.484615,130.692076
tarumizu_port_to_tarumizu,31.484630,130.692496
tarumizu_port_to_tarumizu,31.484614,130.692598
tarumizu_port_to_tarumizu,31.484557,130.692673
tarumizu_port_to_tarumizu,31.482676,130.692738
tarumizu_port_to_tarumizu,31.482611,130.692768
tarumizu_port_to_tarumizu,31.483115,130.695652
tarumizu_port_to_tarumizu,31.483151,130.695749
tarumizu_port_to_tarumizu,31.483221,130.695788
tarumizu_port_to_tarumizu,31.484315,130.696244
tarumizu_port_to_tarumizu,31.485415,130.696958
tarumizu_port_to_tarumizu,31.485479,130.697028
tarumizu_port_to_tarumizu,31.485736,130.697203
tarumizu_port_to_tarumizu,31.489298,130.700151
tarumizu_port_to_tarumizu,31.492213,130.701536
tarumizu_port_to_tarumizu,31.492261,130.701478
tarumizu_port_to_tarumizu,31.493227,130.699097
tarumizu_port_to_tarumizu,31.493188,130.699015
tarumizu_port_to_tarumizu,31.493227,130.698815
tarumizu_port_to_tarumizu,31.493444,130.698481
tarumizu_port_to_tarumizu,31.493521,130.698440
tarumizu_port_to_tarumizu,31.493564,130.698362
tarumizu_port_to_tarumizu,31.493619,130.698182
minatohira_to_tarumizu_port,31.482435,130.695758
minatohira_to_tarumizu_port,31.482709,130.695750
minatohira_to_tarumizu_port,31.482876,130.695680
minatohira_to_tarumizu_port,31.482952,130.695626
minatohira_to_tarumizu_port,31.482990,130.695536
minatohira_to_tarumizu_port,31.482998,130.695431
minatohira_to_tarumizu_port,31.482530,130.693075
minatohira_to_tarumizu_port,31.482521,130.692759
minatohira_to_tarumizu_port,31.482594,130.692740
minatohira_to_tarumizu_port,31.484032,130.692701
minatohira_to_tarumizu_port,31.484114,130.692666
minatohira_to_tarumizu_port,31.484166,130.692584
minatohira_to_tarumizu_port,31.484190,130.692484
minatohira_to_tarumizu_port,31.484190,130.692273
minatohira_to_tarumizu_port,31.484209,130.692172
minatohira_to_tarumizu_port,31.484261,130.692089
minatohira_to_tarumizu_port,31.484401,130.691989
shibushi_port_ent_to_shibushi_port,31.475659,131.108162
shibushi_port_ent_to_shibushi_port,31.475535,131.107881
shibushi_port_ent_to_shibushi_port,31.475375,131.107169
shibushi_port_ent_to_shibushi_port,31.475279,131.106992
shibushi_port_ent_to_shibushi_port,31.469893,131.102073
shibushi_port_ent_to_shibushi_port,31.469695,131.101727
shibushi_port_ent_to_shibushi_port,31.469565,131.101225
shibushi_port_ent_to_shibushi_port,31.469550,131.100805
shibushi_port_ent_to_shibushi_port,31.469734,131.099993
shibushi_port_ent_to_shibushi_port,31.469789,131.099912
shibushi_port_ent_to_shibushi_port,31.470065,131.098373
shibushi_port_ent_to_shibushi_port,31.469959,131.097439
shibushi_port_ent_to_shibushi_port,31.467222,131.093842
shibushi_port_ent_to_shibushi_port,31.466372,131.094177
shibushi_port_ent_to_shibushi_port,31.466300,131.094241
shibushi_port_ent_to_shibushi_port,31.462113,131.095839
shibushi_port_ent_to_shibushi_port,31.461961,131.095949
shibushi_port_ent_to_shibushi_port,31.461423,131.096657
shibushi_port_ent_to_shibushi_port,31.461514,131.096833
shibushi_port_ent_to_shibushi_port,31.461570,131.097033
shibushi_port_ent_to_shibushi_port,31.460910,131.097860
shibushi_port_ent_to_shibushi_port,31.460947,131.097942
shibushi_port_ent_to_shibushi_port,31.461055,131.097931
shibushi_to_shibushi_port_ent,31.475084,131.099919
shibushi_to_shibushi_port_ent,31.477701,131.107757
shibushi_to_shibushi_port_ent,31.477681,131.107837
shibushi_to_shibushi_port_ent,31.477230,131.108351
shibushi_to_shibushi_port_ent,31.477186,131.108443
shibushi_to_shibushi_port_ent,31.477166,131.108545
shibushi_to_shibushi_port_ent,31.477118,131.108606
shibushi_to_shibushi_port_ent,31.476133,131.108504
shibushi_to_shibushi_port_ent,31.475962,131.108441
shibushi_to_shibushi_port_ent,31.475739,131.108265
shibushi_to_shibushi_port_ent,31.475675,131.108191
shibushi_to_shibushi_port_ent,31.475659,131.108162
shibushi_eki_mae_to_shibushi,31.472624,131.097848
shibushi_eki_mae_to_shibushi,31.473991,131.096854
shibushi_eki_mae_to_shibushi,31.475084,131.099919
shibushi_eki_ue_to_shibushi_eki_mae,31.473735,131.096055
shibushi_eki_ue_to_shibushi_eki_mae,31.473988,131.096841
shibushi_eki_ue_to_shibushi_eki_mae,31.472624,131.097847
shibushi_eki_ue_to_shibushi_eki_mae,31.472624,131.097848
takasu_to_okamura,31.349269,130.795443
takasu_to_okamura,31.346945,130.794320
takasu_to_okamura,31.346858,130.794320
takasu_to_okamura,31.346771,130.794340
takasu_to_okamura,31.346687,130.794379
takasu_to_okamura,31.346613,130.794437
takasu_to_okamura,31.345560,130.796391
takasu_to_okamura,31.342906,130.799229
takasu_to_okamura,31.342853,130.799313
takasu_to_okamura,31.342819,130.799409
takasu_to_okamura,31.342830,130.799484
takasu_to_okamura,31.343287,130.799333
takasu_to_okamura,31.344058,130.799200
takasu_to_okamura,31.344496,130.799297
takasu_to_okamura,31.344957,130.799617
takasu_to_okamura,31.346387,130.802272
takasu_to_okamura,31.346571,130.802501
takasu_to_okamura,31.349610,130.804291
takasu_to_okamura,31.349964,130.804350
takasu_to_okamura,31.350320,130.804300
takasu_to_okamura,31.350724,130.804076
takasu_to_okamura,31.351843,130.802717
takasu_to_okamura,31.352157,130.802515
takasu_to_okamura,31.352509,130.802440
takasu_to_okamura,31.354475,130.802604
takasu_to_okamura,31.354838,130.803324
takasu_to_okamura,31.355964,130.804683
takasu_to_okamura,31.357907,130.806380
takasu_to_okamura,31.357968,130.806458
takasu_to_okamura,31.358582,130.808091
takasu_to_okamura,31.358479,130.811238
takasu_to_okamura,31.358775,130.813206
takasu_to_okamura,31.359774,130.814691
takasu_to_okamura,31.359880,130.814980
takasu_to_okamura,31.360104,130.817273
takasu_to_okamura,31.360336,130.817841
takasu_to_okamura,31.362320,130.822540
takasu_to_okamura,31.362845,130.823390
arahira_to_takasu,31.377598,130.780771
arahira_to_takasu,31.377442,130.780869
arahira_to_takasu,31.374855,130.781180
arahira_to_takasu,31.374325,130.781074
arahira_to_takasu,31.373078,130.780249
arahira_to_takasu,31.372279,130.780140
arahira_to_takasu,31.371592,130.780339
arahira_to_takasu,31.370286,130.781266
arahira_to_takasu,31.369063,130.781589
arahira_to_takasu,31.368901,130.781679
arahira_to_takasu,31.368572,130.782027
arahira_to_takasu,31.367781,130.783677
arahira_to_takasu,31.367444,130.784021
arahira_to_takasu,31.365915,130.785125
arahira_to_takasu,31.365565,130.785216
arahira_to_takasu,31.363868,130.785040
arahira_to_takasu,31.363524,130.785149
arahira_to_takasu,31.363300,130.785320
arahira_to_takasu,31.363142,130.785573
arahira_to_takasu,31.363104,130.785667
arahira_to_takasu,31.363080,130.785768
arahira_to_takasu,31.363057,130.786708
arahira_to_takasu,31.363006,130.786909
arahira_to_takasu,31.362184,130.788409
arahira_to_takasu,31.360300,130.790360
arahira_to_takasu,31.360056,130.790491
arahira_to_takasu,31.359172,130.790676
arahira_to_takasu,31.359005,130.790753
arahira_to_takasu,31.358933,130.790817
arahira_to_takasu,31.358451,130.791569
arahira_to_takasu,31.358165,130.791820
arahira_to_takasu,31.357117,130.792079
arahira_to_takasu,31.356581,130.792030
arahira_to_takasu,31.355263,130.791733
arahira_to_takasu,31.353413,130.792096
arahira_to_takasu,31.351629,130.793093
arahira_to_takasu,31.351544,130.793275
arahira_to_takasu,31.351520,130.793376
arahira_to_takasu,31.351513,130.794639
arahira_to_takasu,31.351529,130.794742
arahira_to_takasu,31.351617,130.794924
arahira_to_takasu,31.351942,130.795287
arahira_to_takasu,31.352042,130.795460
arahira_to_takasu,31.352070,130.795560
arahira_to_takasu,31.352080,130.795663
arahira_to_takasu,31.352040,130.795865
arahira_to_takasu,31.351991,130.795948
arahira_to_takasu,31.351787,130.796153
arahira_to_takasu,31.349269,130.795443
furue_to_arahira,31.404679,130.768852
furue_to_arahira,31.404316,130.769158
furue_to_arahira,31.403808,130.769367
furue_to_arahira,31.403744,130.769330
furue_to_arahira,31.403696,130.769241
furue_to_arahira,31.403093,130.769090
furue_to_arahira,31.402740,130.769155
furue_to_arahira,31.401831,130.769609
furue_to_arahira,31.401114,130.770243
furue_to_arahira,31.399918,130.770693
furue_to_arahira,31.399742,130.770700
furue_to_arahira,31.399657,130.770671
furue_to_arahira,31.399510,130.770565
furue_to_arahira,31.399453,130.770485
furue_to_arahira,31.399162,130.769494
furue_to_arahira,31.399108,130.769411
furue_to_arahira,31.398961,130.769292
furue_to_arahira,31.398168,130.769120
furue_to_arahira,31.397456,130.769212
furue_to_arahira,31.394239,130.770826
furue_to_arahira,31.390380,130.772508
furue_to_arahira,31.389887,130.772963
furue_to_arahira,31.388565,130.775574
furue_to_arahira,31.387955,130.776181
furue_to_arahira,31.387025,130.776554
furue_to_arahira,31.381743,130.777074
furue_to_arahira,31.381344,130.777306
furue_to_arahira,31.380699,130.777873
furue_to_arahira,31.379849,130.778211
furue_to_arahira,31.378164,130.779931
furue_to_arahira,31.377611,130.780759
furue_to_arahira,31.377598,130.780771
myoshu_to_ronjibashi,31.344240,130.898546
myoshu_to_ronjibashi,31.343902,130.916561
myoshu_to_aira,31.344184,130.898526
myoshu_to_aira,31.344047,130.898671
myoshu_to_aira,31.343882,130.898751
myoshu_to_aira,31.343705,130.898780
myoshu_to_aira,31.343444,130.898707
myoshu_to_aira,31.342762,130.898202
myoshu_to_aira,31.341885,130.897982
myoshu_to_aira,31.341815,130.897925
myoshu_to_aira,31.341201,130.897020
myoshu_to_aira,31.341134,130.896951
myoshu_to_aira,31.340551,130.896695
myoshu_to_aira,31.339747,130.896600
myoshu_to_aira,31.339663,130.896563
myoshu_to_aira,31.339544,130.896455
myoshu_to_aira,31.336887,130.897748
myoshu_to_aira,31.336173,130.897830
myoshu_to_aira,31.335370,130.897723
myoshu_to_aira,31.335015,130.897790
myoshu_to_aira,31.334926,130.897786
myoshu_to_aira,31.334838,130.897764
myoshu_to_aira,31.334342,130.897518
myoshu_to_aira,31.334031,130.897141
myoshu_to_aira,31.333957,130.897084
myoshu_to_aira,31.333700,130.896990
myoshu_to_aira,31.333612,130.897003
myoshu_to_aira,31.330757,130.898280
myoshu_to_aira,31.330489,130.898271
myoshu_to_aira,31.329963,130.898131
myoshu_to_aira,31.327727,130.898840
kawanishi_to_myoshu,31.359623,130.875483
kawanishi_to_myoshu,31.358485,130.877617
kawanishi_to_myoshu,31.354635,130.880699
kawanishi_to_myoshu,31.352252,130.886117
kawanishi_to_myoshu,31.350981,130.887601
kawanishi_to_myoshu,31.350747,130.887758
kawanishi_to_myoshu,31.350577,130.887819
kawanishi_to_myoshu,31.350129,130.887840
kawanishi_to_myoshu,31.350042,130.887865
kawanishi_to_myoshu,31.349966,130.887917
kawanishi_to_myoshu,31.349906,130.887994
kawanishi_to_myoshu,31.349182,130.889686
kawanishi_to_myoshu,31.349150,130.889892
kawanishi_to_myoshu,31.349237,130.890723
kawanishi_to_myoshu,31.348946,130.892366
kawanishi_to_myoshu,31.348049,130.893939
kawanishi_to_myoshu,31.344683,130.897092
kawanishi_to_myoshu,31.344551,130.897367
kawanishi_to_myoshu,31.344274,130.898367
kawanishi_to_myoshu,31.344200,130.898504
hirabaru_to_kawanishi,31.363716,130.858986
hirabaru_to_kawanishi,31.363394,130.862857
hirabaru_to_kawanishi,31.363320,130.863478
hirabaru_to_kawanishi,31.363041,130.866502
hirabaru_to_kawanishi,31.362471,130.869037
hirabaru_to_kawanishi,31.361464,130.870777
hirabaru_to_kawanishi,31.360693,130.873244
hirabaru_to_kawanishi,31.359623,130.875483
shiyakusho_to_hirabaru,31.377977,130.853560
shiyakusho_to_hirabaru,31.377063,130.853995
shiyakusho_to_hirabaru,31.376780,130.854250
shiyakusho_to_hirabaru,31.374998,130.856892
shiyakusho_to_hirabaru,31.374846,130.857002
shiyakusho_to_hirabaru,31.372460,130.857466
shiyakusho_to_hirabaru,31.371453,130.857910
shiyakusho_to_hirabaru,31.370649,130.857897
shiyakusho_to_hirabaru,31.367429,130.856573
shiyakusho_to_hirabaru,31.366536,130.855866
shiyakusho_to_hirabaru,31.366364,130.855628
shiyakusho_to_hirabaru,31.365232,130.852663
shiyakusho_to_hirabaru,31.363120,130.850071
shiyakusho_to_hirabaru,31.362589,130.849534
shiyakusho_to_hirabaru,31.361772,130.854925
shiyakusho_to_hirabaru,31.361768,130.854936
shiyakusho_to_hirabaru,31.361033,130.859798
shiyakusho_to_hirabaru,31.361099,130.859804
shiyakusho_to_hirabaru,31.362627,130.859202
shiyakusho_to_hirabaru,31.363344,130.859157
shiyakusho_to_hirabaru,31.363716,130.858986
shiyakusho_to_kawanishi,31.377977,130.853560
shiyakusho_to_kawanishi,31.377063,130.853995
shiyakusho_to_kawanishi,31.376780,130.854250
shiyakusho_to_kawanishi,31.374998,130.856892
shiyakusho_to_kawanishi,31.374846,130.857002
shiyakusho_to_kawanishi,31.372460,130.857466
shiyakusho_to_kawanishi,31.371453,130.857910
shiyakusho_to_kawanishi,31.370649,130.857897
shiyakusho_to_kawanishi,31.369963,130.857647
shiyakusho_to_kawanishi,31.369910,130.857689
shiyakusho_to_kawanishi,31.368889,130.860611
shiyakusho_to_kawanishi,31.368786,130.860783
shiyakusho_to_kawanishi,31.368651,130.860919
shiyakusho_to_kawanishi,31.367651,130.861624
shiyakusho_to_kawanishi,31.366899,130.861971
shiyakusho_to_kawanishi,31.363087,130.866416
shiyakusho_to_kawanishi,31.363003,130.866601
shiyakusho_to_kawanishi,31.362660,130.868449
shiyakusho_to_kawanishi,31.362345,130.869320
shiyakusho_to_kawanishi,31.361463,130.870780
shiyakusho_to_kawanishi,31.360691,130.873247
shiyakusho_to_kawanishi,31.359623,130.875483
okamura_to_kokutai,31.362845,130.823390
okamura_to_kokutai,31.363260,130.824200
okamura_to_kokutai,31.363525,130.824482
okamura_to_kokutai,31.363766,130.824620
okamura_to_kokutai,31.367986,130.824783
okamura_to_kokutai,31.370557,130.823290
okamura_to_kokutai,31.370628,130.823284
okamura_to_kokutai,31.370726,130.823578
okamura_to_kokutai,31.370830,130.823750
okamura_to_kokutai,31.381849,130.830864
okamura_to_kokutai,31.382193,130.831196
okamura_to_kokutai,31.382272,130.831240
okamura_to_kokutai,31.382358,130.831260
okamura_to_kokutai,31.382448,130.831260
okamura_to_kokutai,31.382533,130.831232
okamura_to_kokutai,31.382590,130.831240
okamura_to_kokutai,31.383132,130.833439
koyama_to_ariakebashi,31.347014,130.945492
koyama_to_ariakebashi,31.347668,130.947562
koyama_to_ariakebashi,31.347249,130.951059
koyama_to_ariakebashi,31.346995,130.952870
koyama_to_ariakebashi,31.346938,130.952950
koyama_to_ariakebashi,31.346763,130.953070
koyama_to_ariakebashi,31.346062,130.953482
koyama_to_ariakebashi,31.346109,130.955575
koyama_to_ariakebashi,31.345737,130.957200
koyama_to_ariakebashi,31.345672,130.958142
koyama_to_ariakebashi,31.345360,130.959123
koyama_to_ariakebashi,31.345294,130.959853
koyama_to_ariakebashi,31.345208,130.960037
koyama_to_ariakebashi,31.345078,130.960182
koyama_to_ariakebashi,31.343030,130.961240
koyama_to_ariakebashi,31.342894,130.961376
koyama_to_ariakebashi,31.342733,130.961749
koyama_to_ariakebashi,31.342730,130.962061
koyama_to_ariakebashi,31.343066,130.962918
koyama_to_ariakebashi,31.343100,130.963124
koyama_to_ariakebashi,31.342300,130.967109
koyama_to_ariakebashi,31.342260,130.970052
koyama_to_ariakebashi,31.342131,130.970443
koyama_to_ariakebashi,31.341686,130.971228
koyama_to_ariakebashi,31.341660,130.971329
koyama_to_ariakebashi,31.341651,130.971433
koyama_to_ariakebashi,31.341685,130.971746
koyama_to_ariakebashi,31.342028,130.973592
koyama_to_ariakebashi,31.342159,130.973868
koyama_to_ariakebashi,31.342790,130.974753
koyama_to_ariakebashi,31.344065,130.977654
koyama_to_ariakebashi,31.344706,130.978390
koyama_to_ariakebashi,31.344845,130.978658
koyama_to_ariakebashi,31.345276,130.980257
koyama_to_ariakebashi,31.348574,130.987611
koyama_to_ariakebashi,31.349045,130.988246
koyama_to_ariakebashi,31.349079,130.988343
koyama_to_ariakebashi,31.349240,130.989270
koyama_to_ariakebashi,31.350816,130.993165
koyama_to_ariakebashi,31.351699,130.996909
koyama_to_ariakebashi,31.352379,130.998266
koyama_to_ariakebashi,31.352819,130.998929
koyama_to_ariakebashi,31.353033,130.999619
koyama_to_ariakebashi,31.353320,131.001378
koyama_to_ariakebashi,31.353717,131.002318
koyama_to_ariakebashi,31.353691,131.002415
koyama_to_ariakebashi,31.353798,131.002925
koyama_to_ariakebashi,31.353838,131.003870
koyama_to_ariakebashi,31.353821,131.003973
koyama_to_ariakebashi,31.353240,131.005502
koyama_to_ariakebashi,31.353218,131.006360
koyama_to_ariakebashi,31.353229,131.007281
koyama_to_ariakebashi,31.353288,131.007589
koyama_to_ariakebashi,31.356041,131.008723
sakashita_to_koyama,31.347023,130.941848
sakashita_to_koyama,31.347020,130.942164
sakashita_to_koyama,31.346964,130.942361
sakashita_to_koyama,31.346313,130.943365
sakashita_to_koyama,31.346305,130.943444
sakashita_to_koyama,31.346772,130.943935
sakashita_to_koyama,31.346799,130.944774
sakashita_to_koyama,31.347014,130.945492
aira_to_sakashita,31.327727,130.898840
aira_to_sakashita,31.327713,130.898917
aira_to_sakashita,31.328346,130.904427
aira_to_sakashita,31.328425,130.904611
aira_to_sakashita,31.328573,130.904874
aira_to_sakashita,31.328799,130.906532
aira_to_sakashita,31.328610,130.908093
aira_to_sakashita,31.328635,130.908299
aira_to_sakashita,31.328755,130.908580
aira_to_sakashita,31.329848,130.910381
aira_to_sakashita,31.337997,130.916520
aira_to_sakashita,31.338254,130.916611
aira_to_sakashita,31.339323,130.916749
aira_to_sakashita,31.339563,130.916891
aira_to_sakashita,31.339701,130.917023
aira_to_sakashita,31.339923,130.917476
aira_to_sakashita,31.340400,130.919612
aira_to_sakashita,31.340399,130.919822
aira_to_sakashita,31.339936,130.920836
aira_to_sakashita,31.339988,130.922830
aira_to_sakashita,31.340033,130.923033
aira_to_sakashita,31.340522,130.924153
aira_to_sakashita,31.341070,130.926809
aira_to_sakashita,31.344223,130.933536
aira_to_sakashita,31.344535,130.934409
aira_to_sakashita,31.347112,130.938976
aira_to_sakashita,31.347170,130.939173
aira_to_sakashita,31.347190,130.939380
aira_to_sakashita,31.347023,130.941827
ronjibashi_to_sakashita,31.343902,130.916561
ronjibashi_to_sakashita,31.343932,130.916767
ronjibashi_to_sakashita,31.344279,130.917620
ronjibashi_to_sakashita,31.344318,130.917930
ronjibashi_to_sakashita,31.344300,130.918138
ronjibashi_to_sakashita,31.343543,130.920714
ronjibashi_to_sakashita,31.343200,130.921198
ronjibashi_to_sakashita,31.342599,130.921828
ronjibashi_to_sakashita,31.341794,130.923346
ronjibashi_to_sakashita,31.341452,130.923685
ronjibashi_to_sakashita,31.340541,130.924132
ronjibashi_to_sakashita,31.340534,130.924217
ronjibashi_to_sakashita,31.340969,130.926476
ronjibashi_to_sakashita,31.344213,130.933499
ronjibashi_to_sakashita,31.347138,130.939035
ronjibashi_to_sakashita,31.347190,130.939341
ronjibashi_to_sakashita,31.347023,130.941827
takasu_to_sakamoto,31.349269,130.795443
takasu_to_sakamoto,31.346945,130.794320
takasu_to_sakamoto,31.346858,130.794320
takasu_to_sakamoto,31.346771,130.794340
takasu_to_sakamoto,31.346687,130.794379
takasu_to_sakamoto,31.346613,130.794437
takasu_to_sakamoto,31.345560,130.796391
takasu_to_sakamoto,31.342906,130.799229
takasu_to_sakamoto,31.342853,130.799313
takasu_to_sakamoto,31.342791,130.799497
takasu_to_sakamoto,31.342036,130.799827
takasu_to_sakamoto,31.334968,130.804418
takasu_to_sakamoto,31.334353,130.804550
takasu_to_sakamoto,31.328469,130.803770
takasu_to_sakamoto,31.328407,130.803748
eiwa_to_higashikushira,31.389752,130.958780
eiwa_to_higashikushira,31.390467,130.958715
eiwa_to_higashikushira,31.390542,130.958730
eiwa_to_higashikushira,31.390796,130.960920
eiwa_to_higashikushira,31.391462,130.962753
eiwa_to_higashikushira,31.392440,130.964764
shimobaru_to_eiwa,31.370147,130.948545
shimobaru_to_eiwa,31.374282,130.948751
shimobaru_to_eiwa,31.375715,130.948711
shimobaru_to_eiwa,31.377415,130.949386
shimobaru_to_eiwa,31.377810,130.949630
shimobaru_to_eiwa,31.378034,130.949957
shimobaru_to_eiwa,31.379118,130.954628
shimobaru_to_eiwa,31.380181,130.956318
shimobaru_to_eiwa,31.383242,130.958521
shimobaru_to_eiwa,31.383767,130.958648
shimobaru_to_eiwa,31.385921,130.958530
shimobaru_to_eiwa,31.387395,130.958990
shimobaru_to_eiwa,31.389752,130.958780
koyama_to_shimobaru,31.347014,130.945492
koyama_to_shimobaru,31.347668,130.947562
koyama_to_shimobaru,31.347441,130.949541
koyama_to_shimobaru,31.347440,130.949542
koyama_to_shimobaru,31.347305,130.950583
koyama_to_shimobaru,31.347358,130.950630
koyama_to_shimobaru,31.348609,130.950871
koyama_to_shimobaru,31.349744,130.951139
koyama_to_shimobaru,31.349790,130.951081
koyama_to_shimobaru,31.350375,130.949090
koyama_to_shimobaru,31.351145,130.947549
koyama_to_shimobaru,31.351615,130.947836
koyama_to_shimobaru,31.351701,130.947860
koyama_to_shimobaru,31.351881,130.947851
koyama_to_shimobaru,31.353936,130.947093
koyama_to_shimobaru,31.360938,130.947356
koyama_to_shimobaru,31.364436,130.946049
koyama_to_shimobaru,31.366112,130.946381
koyama_to_shimobaru,31.366356,130.946512
koyama_to_shimobaru,31.366507,130.946627
koyama_to_shimobaru,31.368102,130.947991
koyama_to_shimobaru,31.370111,130.948543
koyama_to_shimobaru,31.370147,130.948545
kaizo_to_uchinoura,31.326885,131.099576
kaizo_to_uchinoura,31.326648,131.099899
kaizo_to_uchinoura,31.326422,131.100069
kaizo_to_uchinoura,31.326083,131.100206
kaizo_to_uchinoura,31.325642,131.100300
kaizo_to_uchinoura,31.325415,131.100468
kaizo_to_uchinoura,31.325214,131.100679
kaizo_to_uchinoura,31.324645,131.100988
kaizo_to_uchinoura,31.324397,131.101288
kaizo_to_uchinoura,31.324099,131.101811
kaizo_to_uchinoura,31.323803,131.102048
kaizo_to_uchinoura,31.323124,131.102321
kaizo_to_uchinoura,31.322857,131.102301
kaizo_to_uchinoura,31.322533,131.102123
kaizo_to_uchinoura,31.321863,131.101423
kaizo_to_uchinoura,31.321758,131.101253
kaizo_to_uchinoura,31.321495,131.100142
kaizo_to_uchinoura,31.321381,131.099981
kaizo_to_uchinoura,31.321303,131.099929
kaizo_to_uchinoura,31.321217,131.099898
kaizo_to_uchinoura,31.320682,131.099948
kaizo_to_uchinoura,31.319714,131.099727
kaizo_to_uchinoura,31.319549,131.099644
kaizo_to_uchinoura,31.319476,131.099583
kaizo_to_uchinoura,31.319368,131.099415
kaizo_to_uchinoura,31.319139,131.098847
kaizo_to_uchinoura,31.319020,131.098690
kaizo_to_uchinoura,31.318568,131.098351
kaizo_to_uchinoura,31.318455,131.098192
kaizo_to_uchinoura,31.318417,131.098097
kaizo_to_uchinoura,31.318380,131.097892
kaizo_to_uchinoura,31.318469,131.096424
kaizo_to_uchinoura,31.318458,131.096320
kaizo_to_uchinoura,31.318358,131.096027
kaizo_to_uchinoura,31.317409,131.094629
kaizo_to_uchinoura,31.317337,131.094566
kaizo_to_uchinoura,31.317172,131.094488
kaizo_to_uchinoura,31.317083,131.094480
kaizo_to_uchinoura,31.316994,131.094496
kaizo_to_uchinoura,31.316832,131.094585
kaizo_to_uchinoura,31.316298,131.095291
kaizo_to_uchinoura,31.316226,131.095354
kaizo_to_uchinoura,31.316145,131.095396
kaizo_to_uchinoura,31.316057,131.095416
kaizo_to_uchinoura,31.315880,131.095390
kaizo_to_uchinoura,31.315799,131.095344
kaizo_to_uchinoura,31.315728,131.095282
kaizo_to_uchinoura,31.315622,131.095113
kaizo_to_uchinoura,31.315580,131.094803
kaizo_to_uchinoura,31.315580,131.094389
kaizo_to_uchinoura,31.315561,131.094289
kaizo_to_uchinoura,31.315522,131.094194
kaizo_to_uchinoura,31.315402,131.094039
kaizo_to_uchinoura,31.315322,131.093991
kaizo_to_uchinoura,31.315235,131.093970
kaizo_to_uchinoura,31.315060,131.094010
kaizo_to_uchinoura,31.314980,131.094055
kaizo_to_uchinoura,31.314526,131.094702
kaizo_to_uchinoura,31.314375,131.094814
kaizo_to_uchinoura,31.314290,131.094847
kaizo_to_uchinoura,31.314201,131.094859
kaizo_to_uchinoura,31.313337,131.094582
kaizo_to_uchinoura,31.311703,131.093492
kaizo_to_uchinoura,31.311510,131.093272
kaizo_to_uchinoura,31.310917,131.092353
kaizo_to_uchinoura,31.308332,131.089751
kaizo_to_uchinoura,31.307789,131.089379
kaizo_to_uchinoura,31.307678,131.089215
kaizo_to_uchinoura,31.307640,131.089120
kaizo_to_uchinoura,31.307572,131.088396
kaizo_to_uchinoura,31.307531,131.088303
kaizo_to_uchinoura,31.306606,131.087308
kaizo_to_uchinoura,31.306365,131.087168
kaizo_to_uchinoura,31.305601,131.086862
kaizo_to_uchinoura,31.305110,131.086406
kaizo_to_uchinoura,31.305031,131.086357
kaizo_to_uchinoura,31.304856,131.086312
kaizo_to_uchinoura,31.304680,131.086348
kaizo_to_uchinoura,31.302741,131.087450
kaizo_to_uchinoura,31.302476,131.087507
kaizo_to_uchinoura,31.302212,131.087458
kaizo_to_uchinoura,31.301021,131.086722
kaizo_to_uchinoura,31.299446,131.086305
kaizo_to_uchinoura,31.299367,131.086255
kaizo_to_uchinoura,31.299299,131.086187
kaizo_to_uchinoura,31.299244,131.086106
kaizo_to_uchinoura,31.298997,131.085430
kaizo_to_uchinoura,31.298943,131.085347
kaizo_to_uchinoura,31.298801,131.085220
kaizo_to_uchinoura,31.297053,131.084395
kaizo_to_uchinoura,31.296916,131.084263
kaizo_to_uchinoura,31.296788,131.083989
kaizo_to_uchinoura,31.296605,131.083404
kaizo_to_uchinoura,31.296426,131.083168
kaizo_to_uchinoura,31.296073,131.082845
kaizo_to_uchinoura,31.295981,131.082666
kaizo_to_uchinoura,31.295952,131.082566
kaizo_to_uchinoura,31.295886,131.082154
kaizo_to_uchinoura,31.295762,131.081874
kaizo_to_uchinoura,31.295298,131.081104
kaizo_to_uchinoura,31.294847,131.079961
kaizo_to_uchinoura,31.294379,131.079471
kaizo_to_uchinoura,31.294249,131.079196
kaizo_to_uchinoura,31.294008,131.078185
kaizo_to_uchinoura,31.293342,131.076578
kaizo_to_uchinoura,31.292370,131.075072
kaizo_to_uchinoura,31.292360,131.074969
kaizo_to_uchinoura,31.292369,131.074865
kaizo_to_uchinoura,31.292458,131.074690
kaizo_to_uchinoura,31.292690,131.074370
kaizo_to_uchinoura,31.292730,131.074278
kaizo_to_uchinoura,31.292740,131.074176
kaizo_to_uchinoura,31.292730,131.074073
kaizo_to_uchinoura,31.292699,131.073979
kaizo_to_uchinoura,31.292262,131.073312
kaizo_to_uchinoura,31.292044,131.073136
kaizo_to_uchinoura,31.290791,131.072561
kaizo_to_uchinoura,31.288703,131.070751
kaizo_to_uchinoura,31.287648,131.070510
kaizo_to_uchinoura,31.287381,131.070520
kaizo_to_uchinoura,31.287210,131.070577
kaizo_to_uchinoura,31.286644,131.070892
kaizo_to_uchinoura,31.286380,131.070950
kaizo_to_uchinoura,31.285129,131.070810
kaizo_to_uchinoura,31.282687,131.071513
kaizo_to_uchinoura,31.281907,131.072030
kaizo_to_uchinoura,31.279592,131.074009
kaizo_to_uchinoura,31.277112,131.075698
kaizo_to_uchinoura,31.275305,131.078029
ariakebashi_to_kaizo,31.356041,131.008723
ariakebashi_to_kaizo,31.356708,131.013072
ariakebashi_to_kaizo,31.357040,131.014271
ariakebashi_to_kaizo,31.357050,131.014375
ariakebashi_to_kaizo,31.356933,131.016052
ariakebashi_to_kaizo,31.356511,131.017551
ariakebashi_to_kaizo,31.356527,131.018390
ariakebashi_to_kaizo,31.356455,131.018581
ariakebashi_to_kaizo,31.355596,131.019653
ariakebashi_to_kaizo,31.355473,131.019933
ariakebashi_to_kaizo,31.354546,131.022209
ariakebashi_to_kaizo,31.354003,131.023760
ariakebashi_to_kaizo,31.353879,131.025012
ariakebashi_to_kaizo,31.353548,131.026432
ariakebashi_to_kaizo,31.353500,131.027059
ariakebashi_to_kaizo,31.353168,131.028031
ariakebashi_to_kaizo,31.353129,131.028974
ariakebashi_to_kaizo,31.352222,131.031835
ariakebashi_to_kaizo,31.351786,131.032362
ariakebashi_to_kaizo,31.351248,131.033801
ariakebashi_to_kaizo,31.351540,131.036717
ariakebashi_to_kaizo,31.351516,131.036817
ariakebashi_to_kaizo,31.351476,131.036911
ariakebashi_to_kaizo,31.351190,131.037315
ariakebashi_to_kaizo,31.350874,131.038521
ariakebashi_to_kaizo,31.350287,131.039452
ariakebashi_to_kaizo,31.350220,131.039520
ariakebashi_to_kaizo,31.349885,131.039667
ariakebashi_to_kaizo,31.349820,131.039740
ariakebashi_to_kaizo,31.349780,131.039832
ariakebashi_to_kaizo,31.349736,131.040458
ariakebashi_to_kaizo,31.349695,131.040551
ariakebashi_to_kaizo,31.349142,131.041088
ariakebashi_to_kaizo,31.349086,131.041169
ariakebashi_to_kaizo,31.349059,131.041269
ariakebashi_to_kaizo,31.349050,131.041373
ariakebashi_to_kaizo,31.349120,131.041892
ariakebashi_to_kaizo,31.349116,131.041997
ariakebashi_to_kaizo,31.348693,131.043383
ariakebashi_to_kaizo,31.348644,131.043458
ariakebashi_to_kaizo,31.348264,131.043736
ariakebashi_to_kaizo,31.347857,131.044426
ariakebashi_to_kaizo,31.347796,131.044497
ariakebashi_to_kaizo,31.347472,131.044677
ariakebashi_to_kaizo,31.347400,131.044740
ariakebashi_to_kaizo,31.347317,131.044920
ariakebashi_to_kaizo,31.347255,131.045330
ariakebashi_to_kaizo,31.347217,131.045425
ariakebashi_to_kaizo,31.347075,131.045552
ariakebashi_to_kaizo,31.346832,131.045683
ariakebashi_to_kaizo,31.346773,131.045763
ariakebashi_to_kaizo,31.346744,131.045860
ariakebashi_to_kaizo,31.346740,131.045965
ariakebashi_to_kaizo,31.346801,131.046162
ariakebashi_to_kaizo,31.347021,131.046618
ariakebashi_to_kaizo,31.347047,131.046717
ariakebashi_to_kaizo,31.347050,131.046820
ariakebashi_to_kaizo,31.347008,131.046913
ariakebashi_to_kaizo,31.346948,131.046992
ariakebashi_to_kaizo,31.346153,131.047843
ariakebashi_to_kaizo,31.346036,131.048126
ariakebashi_to_kaizo,31.345862,131.049477
ariakebashi_to_kaizo,31.345587,131.050017
ariakebashi_to_kaizo,31.345248,131.050358
ariakebashi_to_kaizo,31.344612,131.050752
ariakebashi_to_kaizo,31.344488,131.050899
ariakebashi_to_kaizo,31.344403,131.051082
ariakebashi_to_kaizo,31.344380,131.051184
ariakebashi_to_kaizo,31.344396,131.051393
ariakebashi_to_kaizo,31.344465,131.051697
ariakebashi_to_kaizo,31.344470,131.051802
ariakebashi_to_kaizo,31.344457,131.051906
ariakebashi_to_kaizo,31.344049,131.052839
ariakebashi_to_kaizo,31.343558,131.053294
ariakebashi_to_kaizo,31.343478,131.053341
ariakebashi_to_kaizo,31.342947,131.053448
ariakebashi_to_kaizo,31.342865,131.053490
ariakebashi_to_kaizo,31.342731,131.053623
ariakebashi_to_kaizo,31.342680,131.053709
ariakebashi_to_kaizo,31.342650,131.053809
ariakebashi_to_kaizo,31.342664,131.055378
ariakebashi_to_kaizo,31.342968,131.056684
ariakebashi_to_kaizo,31.342957,131.056893
ariakebashi_to_kaizo,31.342761,131.057478
ariakebashi_to_kaizo,31.342697,131.057551
ariakebashi_to_kaizo,31.342615,131.057590
ariakebashi_to_kaizo,31.342528,131.057569
ariakebashi_to_kaizo,31.342457,131.057506
ariakebashi_to_kaizo,31.342398,131.057427
ariakebashi_to_kaizo,31.342119,131.056888
ariakebashi_to_kaizo,31.342047,131.056832
ariakebashi_to_kaizo,31.341959,131.056811
ariakebashi_to_kaizo,31.341869,131.056818
ariakebashi_to_kaizo,31.341703,131.056895
ariakebashi_to_kaizo,31.341107,131.057359
ariakebashi_to_kaizo,31.340553,131.058186
ariakebashi_to_kaizo,31.340484,131.058254
ariakebashi_to_kaizo,31.340245,131.058400
ariakebashi_to_kaizo,31.340175,131.058465
ariakebashi_to_kaizo,31.340118,131.058546
ariakebashi_to_kaizo,31.340049,131.058739
ariakebashi_to_kaizo,31.340041,131.058948
ariakebashi_to_kaizo,31.340060,131.059263
ariakebashi_to_kaizo,31.339984,131.059780
ariakebashi_to_kaizo,31.339947,131.059873
ariakebashi_to_kaizo,31.339877,131.059939
ariakebashi_to_kaizo,31.339797,131.059986
ariakebashi_to_kaizo,31.338919,131.060201
ariakebashi_to_kaizo,31.338854,131.060273
ariakebashi_to_kaizo,31.338781,131.060463
ariakebashi_to_kaizo,31.338652,131.060966
ariakebashi_to_kaizo,31.338492,131.061217
ariakebashi_to_kaizo,31.337744,131.061973
ariakebashi_to_kaizo,31.337712,131.062071
ariakebashi_to_kaizo,31.337714,131.062170
ariakebashi_to_kaizo,31.337760,131.062260
ariakebashi_to_kaizo,31.338003,131.062558
ariakebashi_to_kaizo,31.338020,131.062660
ariakebashi_to_kaizo,31.337971,131.063076
ariakebashi_to_kaizo,31.337901,131.063269
ariakebashi_to_kaizo,31.337851,131.063357
ariakebashi_to_kaizo,31.337490,131.063823
ariakebashi_to_kaizo,31.337451,131.063917
ariakebashi_to_kaizo,31.337450,131.064022
ariakebashi_to_kaizo,31.337533,131.064207
ariakebashi_to_kaizo,31.337752,131.064537
ariakebashi_to_kaizo,31.337779,131.064637
ariakebashi_to_kaizo,31.337780,131.064743
ariakebashi_to_kaizo,31.337761,131.064845
ariakebashi_to_kaizo,31.337721,131.064939
ariakebashi_to_kaizo,31.337584,131.065073
ariakebashi_to_kaizo,31.337117,131.065387
ariakebashi_to_kaizo,31.337056,131.065462
ariakebashi_to_kaizo,31.337009,131.065552
ariakebashi_to_kaizo,31.336990,131.065655
ariakebashi_to_kaizo,31.337000,131.065758
ariakebashi_to_kaizo,31.337034,131.065854
ariakebashi_to_kaizo,31.337102,131.065920
ariakebashi_to_kaizo,31.337185,131.065954
ariakebashi_to_kaizo,31.337362,131.065980
ariakebashi_to_kaizo,31.337811,131.065960
ariakebashi_to_kaizo,31.337899,131.065980
ariakebashi_to_kaizo,31.337980,131.066025
ariakebashi_to_kaizo,31.338048,131.066091
ariakebashi_to_kaizo,31.338099,131.066178
ariakebashi_to_kaizo,31.338152,131.066375
ariakebashi_to_kaizo,31.338149,131.067214
ariakebashi_to_kaizo,31.338208,131.067409
ariakebashi_to_kaizo,31.338263,131.067490
ariakebashi_to_kaizo,31.338331,131.067551
ariakebashi_to_kaizo,31.339098,131.067844
ariakebashi_to_kaizo,31.339173,131.067899
ariakebashi_to_kaizo,31.339235,131.067973
ariakebashi_to_kaizo,31.339272,131.068069
ariakebashi_to_kaizo,31.339262,131.068277
ariakebashi_to_kaizo,31.338950,131.069260
ariakebashi_to_kaizo,31.338525,131.070063
ariakebashi_to_kaizo,31.338431,131.070683
ariakebashi_to_kaizo,31.338394,131.070779
ariakebashi_to_kaizo,31.338334,131.070856
ariakebashi_to_kaizo,31.338257,131.070907
ariakebashi_to_kaizo,31.338171,131.070936
ariakebashi_to_kaizo,31.337993,131.070929
ariakebashi_to_kaizo,31.337301,131.070700
ariakebashi_to_kaizo,31.337212,131.070694
ariakebashi_to_kaizo,31.337126,131.070722
ariakebashi_to_kaizo,31.337051,131.070779
ariakebashi_to_kaizo,31.336994,131.070859
ariakebashi_to_kaizo,31.336961,131.070957
ariakebashi_to_kaizo,31.336970,131.071061
ariakebashi_to_kaizo,31.336997,131.071159
ariakebashi_to_kaizo,31.337406,131.071715
ariakebashi_to_kaizo,31.337438,131.071814
ariakebashi_to_kaizo,31.337445,131.071917
ariakebashi_to_kaizo,31.337431,131.072021
ariakebashi_to_kaizo,31.336566,131.075330
ariakebashi_to_kaizo,31.336540,131.075853
ariakebashi_to_kaizo,31.336760,131.076758
ariakebashi_to_kaizo,31.336753,131.076862
ariakebashi_to_kaizo,31.336450,131.077505
ariakebashi_to_kaizo,31.336387,131.077579
ariakebashi_to_kaizo,31.336313,131.077638
ariakebashi_to_kaizo,31.336227,131.077660
ariakebashi_to_kaizo,31.336138,131.077651
ariakebashi_to_kaizo,31.335719,131.077470
ariakebashi_to_kaizo,31.335630,131.077460
ariakebashi_to_kaizo,31.335541,131.077476
ariakebashi_to_kaizo,31.335464,131.077528
ariakebashi_to_kaizo,31.335395,131.077595
ariakebashi_to_kaizo,31.335344,131.077682
ariakebashi_to_kaizo,31.335313,131.077780
ariakebashi_to_kaizo,31.335450,131.079242
ariakebashi_to_kaizo,31.335422,131.079449
ariakebashi_to_kaizo,31.335304,131.079731
ariakebashi_to_kaizo,31.334590,131.080520
ariakebashi_to_kaizo,31.331901,131.082217
ariakebashi_to_kaizo,31.331000,131.083084
ariakebashi_to_kaizo,31.330844,131.083459
ariakebashi_to_kaizo,31.330820,131.083560
ariakebashi_to_kaizo,31.330661,131.087126
ariakebashi_to_kaizo,31.330250,131.089067
ariakebashi_to_kaizo,31.330114,131.089334
ariakebashi_to_kaizo,31.330063,131.089535
ariakebashi_to_kaizo,31.330052,131.089850
ariakebashi_to_kaizo,31.330064,131.089954
ariakebashi_to_kaizo,31.330165,131.090246
ariakebashi_to_kaizo,31.330891,131.091572
ariakebashi_to_kaizo,31.331552,131.092106
ariakebashi_to_kaizo,31.331646,131.092285
ariakebashi_to_kaizo,31.331680,131.092490
ariakebashi_to_kaizo,31.331633,131.092797
ariakebashi_to_kaizo,31.331180,131.093820
ariakebashi_to_kaizo,31.330990,131.094042
ariakebashi_to_kaizo,31.330824,131.094122
ariakebashi_to_kaizo,31.330379,131.094178
ariakebashi_to_kaizo,31.330214,131.094258
ariakebashi_to_kaizo,31.330141,131.094319
ariakebashi_to_kaizo,31.329982,131.094569
ariakebashi_to_kaizo,31.329671,131.095553
ariakebashi_to_kaizo,31.329630,131.095971
ariakebashi_to_kaizo,31.329642,131.096601
ariakebashi_to_kaizo,31.329598,131.096804
ariakebashi_to_kaizo,31.329549,131.096891
ariakebashi_to_kaizo,31.329485,131.096964
ariakebashi_to_kaizo,31.329409,131.097021
ariakebashi_to_kaizo,31.328968,131.097103
ariakebashi_to_kaizo,31.328883,131.097138
ariakebashi_to_kaizo,31.328750,131.097270
ariakebashi_to_kaizo,31.328701,131.097357
ariakebashi_to_kaizo,31.328671,131.097456
ariakebashi_to_kaizo,31.328653,131.097665
ariakebashi_to_kaizo,31.328719,131.098291
ariakebashi_to_kaizo,31.328685,131.098496
ariakebashi_to_kaizo,31.328644,131.098590
ariakebashi_to_kaizo,31.328521,131.098741
ariakebashi_to_kaizo,31.328442,131.098789
ariakebashi_to_kaizo,31.327547,131.098851
ariakebashi_to_kaizo,31.327375,131.098908
ariakebashi_to_kaizo,31.327233,131.099035
sakamoto_to_kamikawa,31.328407,130.803748
sakamoto_to_kamikawa,31.327438,130.803208
sakamoto_to_kamikawa,31.327070,130.802755
sakamoto_to_kamikawa,31.326608,130.800845
sakamoto_to_kamikawa,31.326456,130.800588
sakamoto_to_kamikawa,31.326311,130.800466
sakamoto_to_kamikawa,31.326142,130.800398
sakamoto_to_kamikawa,31.325874,130.800402
sakamoto_to_kamikawa,31.324999,130.800615
sakamoto_to_kamikawa,31.324283,130.800634
sakamoto_to_kamikawa,31.323428,130.800945
sakamoto_to_kamikawa,31.322448,130.800853
sakamoto_to_kamikawa,31.322198,130.800738
sakamoto_to_kamikawa,31.318480,130.796790
sakamoto_to_kamikawa,31.315448,130.795500
sakamoto_to_kamikawa,31.315090,130.795516
sakamoto_to_kamikawa,31.313050,130.796600
sakamoto_to_kamikawa,31.312427,130.796665
sakamoto_to_kamikawa,31.311904,130.796522
sakamoto_to_kamikawa,31.311438,130.796208
sakamoto_to_kamikawa,31.310392,130.795055
sakamoto_to_kamikawa,31.310145,130.794934
sakamoto_to_kamikawa,31.309971,130.794901
sakamoto_to_kamikawa,31.309343,130.794920
sakamoto_to_kamikawa,31.308999,130.794804
sakamoto_to_kamikawa,31.308770,130.794640
sakamoto_to_kamikawa,31.308537,130.794322
sakamoto_to_kamikawa,31.307862,130.792837
sakamoto_to_kamikawa,31.307676,130.792610
sakamoto_to_kamikawa,31.307523,130.792502
sakamoto_to_kamikawa,31.307263,130.792422
sakamoto_to_kamikawa,31.306283,130.792535
sakamoto_to_kamikawa,31.306106,130.792502
sakamoto_to_kamikawa,31.305942,130.792417
sakamoto_to_kamikawa,31.305199,130.791660
sakamoto_to_kamikawa,31.304716,130.791382
sakamoto_to_kamikawa,31.304541,130.791343
sakamoto_to_kamikawa,31.303402,130.791629
sakamoto_to_kamikawa,31.302772,130.792029
sakamoto_to_kamikawa,31.302169,130.792231
sakamoto_to_kamikawa,31.301472,130.792694
sakamoto_to_kamikawa,31.301298,130.792728
sakamoto_to_kamikawa,31.301213,130.792721
sakamoto_to_kamikawa,31.300792,130.792899
sakamoto_to_kamikawa,31.300571,130.793076
sakamoto_to_kamikawa,31.300276,130.793469
sakamoto_to_kamikawa,31.300110,130.793842
sakamoto_to_kamikawa,31.300010,130.794458
sakamoto_to_kamikawa,31.299986,130.794878
sakamoto_to_kamikawa,31.299882,130.795167
sakamoto_to_kamikawa,31.299757,130.795313
sakamoto_to_kamikawa,31.299596,130.795405
sakamoto_to_kamikawa,31.298002,130.795172
sakamoto_to_kamikawa,31.297738,130.795231
sakamoto_to_kamikawa,31.296797,130.795842
sakamoto_to_kamikawa,31.296269,130.795959
sakamoto_to_kamikawa,31.295196,130.795860
sakamoto_to_kamikawa,31.295022,130.795909
sakamoto_to_kamikawa,31.294058,130.796475
sakamoto_to_kamikawa,31.293613,130.796502
sakamoto_to_kamikawa,31.292746,130.796244
sakamoto_to_kamikawa,31.292478,130.796264
sakamoto_to_kamikawa,31.291704,130.796534
sakamoto_to_kamikawa,31.291257,130.796522
sakamoto_to_kamikawa,31.290352,130.796071
sakamoto_to_kamikawa,31.289383,130.795860
sakamoto_to_kamikawa,31.288540,130.795260
sakamoto_to_kamikawa,31.288111,130.795114
sakamoto_to_kamikawa,31.287576,130.795172
sakamoto_to_kamikawa,31.286702,130.795416
sakamoto_to_kamikawa,31.285112,130.795129
sakamoto_to_kamikawa,31.284695,130.794938
sakamoto_to_kamikawa,31.283303,130.793452
sakamoto_to_kamikawa,31.282890,130.793253
sakamoto_to_kamikawa,31.280932,130.792977
sakamoto_to_kamikawa,31.280361,130.792675
sakamoto_to_kamikawa,31.280094,130.792632
sakamoto_to_kamikawa,31.279739,130.792680
sakamoto_to_kamikawa,31.278760,130.793208
sakamoto_to_kamikawa,31.278761,130.793296
sakamoto_to_kamikawa,31.278810,130.793495
sakamoto_to_kamikawa,31.278801,130.793597
sakamoto_to_kamikawa,31.278738,130.793662
sakamoto_to_kamikawa,31.275196,130.794837
sakamoto_to_kamikawa,31.275037,130.794933
sakamoto_to_kamikawa,31.274389,130.795719
shiyakusho_to_oaira,31.377977,130.853560
shiyakusho_to_oaira,31.377063,130.853995
shiyakusho_to_oaira,31.376780,130.854250
shiyakusho_to_oaira,31.374998,130.856892
shiyakusho_to_oaira,31.374846,130.857002
shiyakusho_to_oaira,31.372460,130.857466
shiyakusho_to_oaira,31.371453,130.857910
shiyakusho_to_oaira,31.370649,130.857897
shiyakusho_to_oaira,31.367429,130.856573
shiyakusho_to_oaira,31.366536,130.855866
shiyakusho_to_oaira,31.366364,130.855628
shiyakusho_to_oaira,31.365232,130.852663
shiyakusho_to_oaira,31.360822,130.847732
shiyakusho_to_oaira,31.357495,130.845231
shiyakusho_to_oaira,31.351726,130.836621
shiyakusho_to_oaira,31.349421,130.835201
shiyakusho_to_oaira,31.349067,130.835140
shiyakusho_to_oaira,31.346681,130.835650
shiyakusho_to_oaira,31.339568,130.834670
shiyakusho_to_oaira,31.334359,130.835810
shiyakusho_to_oaira,31.334184,130.835772
shiyakusho_to_oaira,31.334104,130.835725
shiyakusho_to_oaira,31.333969,130.835586
shiyakusho_to_oaira,31.333920,130.835499
shiyakusho_to_oaira,31.333719,130.834803
shiyakusho_to_oaira,31.333682,130.834749
tategami_to_sata,31.161119,130.757330
tategami_to_sata,31.160255,130.757066
tategami_to_sata,31.158374,130.757179
tategami_to_sata,31.155597,130.756333
tategami_to_sata,31.154374,130.755272
tategami_to_sata,31.151916,130.754656
tategami_to_sata,31.150482,130.754760
tategami_to_sata,31.149178,130.754368
tategami_to_sata,31.145458,130.751849
tategami_to_sata,31.141996,130.751261
tategami_to_sata,31.137133,130.748826
tategami_to_sata,31.135073,130.746497
tategami_to_sata,31.133665,130.745567
tategami_to_sata,31.131748,130.745012
tategami_to_sata,31.131535,130.744820
tategami_to_sata,31.130559,130.742706
tategami_to_sata,31.130316,130.742031
tategami_to_sata,31.130136,130.741800
tategami_to_sata,31.129897,130.741655
tategami_to_sata,31.128538,130.741114
tategami_to_sata,31.128261,130.740852
tategami_to_sata,31.128205,130.740769
tategami_to_sata,31.127753,130.739745
tategami_to_sata,31.126832,130.738920
tategami_to_sata,31.122860,130.737246
tategami_to_sata,31.119788,130.735088
tategami_to_sata,31.118983,130.733963
tategami_to_sata,31.118681,130.733738
tategami_to_sata,31.117824,130.733429
tategami_to_sata,31.116527,130.731988
tategami_to_sata,31.116404,130.731708
tategami_to_sata,31.116038,130.730193
tategami_to_sata,31.116060,130.728935
tategami_to_sata,31.116003,130.728629
tategami_to_sata,31.114903,130.726106
tategami_to_sata,31.114440,130.723009
tategami_to_sata,31.114890,130.720019
tategami_to_sata,31.113176,130.713300
tategami_to_sata,31.112169,130.711829
tategami_to_sata,31.109053,130.709180
tategami_to_sata,31.102811,130.706013
tategami_to_sata,31.099180,130.702124
tategami_to_sata,31.094952,130.693613
tategami_to_sata,31.094520,130.690625
tategami_to_sata,31.094482,130.690532
tategami_to_sata,31.094410,130.690480
tategami_to_sata,31.094073,130.690527
ohama_to_tategami,31.190440,130.765898
ohama_to_tategami,31.187485,130.766192
ohama_to_tategami,31.185545,130.767011
ohama_to_tategami,31.185009,130.767050
ohama_to_tategami,31.183683,130.766771
OHAMA_to_tategami,31.180524,130.767560
ohama_to_tategami,31.180255,130.767541
ohama_to_tategami,31.178692,130.766521
ohama_to_tategami,31.177223,130.766036
ohama_to_tategami,31.174243,130.763169
ohama_to_tategami,31.171202,130.762271
ohama_to_tategami,31.169955,130.761078
ohama_to_tategami,31.167381,130.759579
ohama_to_tategami,31.164518,130.759291
ohama_to_tategami,31.161119,130.757330
nejime_to_ohama,31.213513,130.774494
nejime_to_ohama,31.212833,130.777864
nejime_to_ohama,31.212501,130.777957
nejime_to_ohama,31.212325,130.777934
nejime_to_ohama,31.205998,130.775975
nejime_to_ohama,31.203753,130.775987
nejime_to_ohama,31.203493,130.775905
nejime_to_ohama,31.200553,130.772519
nejime_to_ohama,31.194633,130.768990
nejime_to_ohama,31.193410,130.768660
nejime_to_ohama,31.193252,130.768561
nejime_to_ohama,31.193062,130.768337
nejime_to_ohama,31.192945,130.768055
nejime_to_ohama,31.192906,130.766274
nejime_to_ohama,31.192856,130.766074
nejime_to_ohama,31.192810,130.765985
nejime_to_ohama,31.192683,130.765837
nejime_to_ohama,31.192608,130.765779
nejime_to_ohama,31.192438,130.765714
nejime_to_ohama,31.192260,130.765703
nejime_to_ohama,31.190440,130.765898
onejime_to_nejime,31.245597,130.786845
onejime_to_nejime,31.244955,130.786111
onejime_to_nejime,31.244748,130.785768
onejime_to_nejime,31.238608,130.779450
onejime_to_nejime,31.237933,130.777738
onejime_to_nejime,31.235465,130.775007
onejime_to_nejime,31.235449,130.774998
onejime_to_nejime,31.232510,130.772240
onejime_to_nejime,31.232424,130.772236
onejime_to_nejime,31.232353,130.772280
onejime_to_nejime,31.230823,130.769816
onejime_to_nejime,31.230680,130.769690
onejime_to_nejime,31.230512,130.769615
onejime_to_nejime,31.229348,130.769522
onejime_to_nejime,31.228390,130.769252
onejime_to_nejime,31.227057,130.769450
onejime_to_nejime,31.226878,130.769429
onejime_to_nejime,31.225863,130.769015
onejime_to_nejime,31.224907,130.768057
onejime_to_nejime,31.224580,130.767887
onejime_to_nejime,31.221466,130.767382
onejime_to_nejime,31.217497,130.765157
onejime_to_nejime,31.217429,130.765161
onejime_to_nejime,31.216529,130.767451
onejime_to_nejime,31.215631,130.768760
onejime_to_nejime,31.213947,130.772709
onejime_to_nejime,31.213513,130.774494
neppy_to_nejime,31.214103,130.764539
neppy_to_nejime,31.214155,130.764590
neppy_to_nejime,31.214325,130.764658
neppy_to_nejime,31.213622,130.766812
neppy_to_nejime,31.213635,130.767127
neppy_to_nejime,31.213718,130.767425
neppy_to_nejime,31.213812,130.767603
neppy_to_nejime,31.214085,130.767875
neppy_to_nejime,31.215610,130.768774
neppy_to_nejime,31.215593,130.768866
neppy_to_nejime,31.213944,130.772718
neppy_to_nejime,31.213513,130.774494
nejime_port_to_neppy,31.215924,130.763115
nejime_port_to_neppy,31.215851,130.763102
nejime_port_to_neppy,31.215465,130.764167
nejime_port_to_neppy,31.214637,130.763793
nejime_port_to_neppy,31.214398,130.764464
nejime_port_to_neppy,31.214343,130.764505
nejime_port_to_neppy,31.214174,130.764434
nejime_port_to_neppy,31.214120,130.764479
nejime_port_to_neppy,31.214103,130.764539
onejime_to_nejime_port,31.245597,130.786845
onejime_to_nejime_port,31.244955,130.786111
onejime_to_nejime_port,31.244748,130.785768
onejime_to_nejime_port,31.238608,130.779450
onejime_to_nejime_port,31.237933,130.777738
onejime_to_nejime_port,31.237286,130.777023
onejime_to_nejime_port,31.237283,130.777014
onejime_to_nejime_port,31.232510,130.772240
onejime_to_nejime_port,31.232424,130.772236
onejime_to_nejime_port,31.232353,130.772280
onejime_to_nejime_port,31.230823,130.769817
onejime_to_nejime_port,31.230680,130.769690
onejime_to_nejime_port,31.230513,130.769615
onejime_to_nejime_port,31.229348,130.769522
onejime_to_nejime_port,31.228390,130.769252
onejime_to_nejime_port,31.227057,130.769450
onejime_to_nejime_port,31.226878,130.769429
onejime_to_nejime_port,31.225863,130.769015
onejime_to_nejime_port,31.224908,130.768058
onejime_to_nejime_port,31.224580,130.767887
onejime_to_nejime_port,31.221466,130.767382
onejime_to_nejime_port,31.215502,130.764202
onejime_to_nejime_port,31.215477,130.764132
onejime_to_nejime_port,31.215869,130.763086
onejime_to_nejime_port,31.215924,130.763115
kamikawa_to_onejime,31.274389,130.795719
kamikawa_to_onejime,31.274350,130.795790
kamikawa_to_onejime,31.274272,130.795740
kamikawa_to_onejime,31.270516,130.796110
kamikawa_to_onejime,31.270427,130.796099
kamikawa_to_onejime,31.270353,130.796043
kamikawa_to_onejime,31.270310,130.795952
kamikawa_to_onejime,31.270320,130.795850
kamikawa_to_onejime,31.270682,130.795013
kamikawa_to_onejime,31.270750,130.794708
kamikawa_to_onejime,31.270563,130.793165
kamikawa_to_onejime,31.270090,130.792284
kamikawa_to_onejime,31.270082,130.792181
kamikawa_to_onejime,31.270041,130.792113
kamikawa_to_onejime,31.265708,130.789342
kamikawa_to_onejime,31.263782,130.788833
kamikawa_to_onejime,31.261187,130.789020
kamikawa_to_onejime,31.260756,130.788883
kamikawa_to_onejime,31.259676,130.787951
kamikawa_to_onejime,31.259161,130.787783
kamikawa_to_onejime,31.256181,130.788507
kamikawa_to_onejime,31.255793,130.788765
kamikawa_to_onejime,31.254798,130.789972
kamikawa_to_onejime,31.253311,130.791145
kamikawa_to_onejime,31.253227,130.791182
kamikawa_to_onejime,31.252781,130.791173
kamikawa_to_onejime,31.251289,130.790830
kamikawa_to_onejime,31.251227,130.790771
kamikawa_to_onejime,31.251058,130.790528
kamikawa_to_onejime,31.250166,130.790036
kamikawa_to_onejime,31.247946,130.789186
kamikawa_to_onejime,31.247869,130.789135
kamikawa_to_onejime,31.245597,130.786845
sakashita_mobiki_to_mobiki,31.530487,130.876065
sakashita_mobiki_to_mobiki,31.531758,130.873153
sakashita_mobiki_to_mobiki,31.532201,130.870571
sakashita_mobiki_to_mobiki,31.532330,130.870293
sakashita_mobiki_to_mobiki,31.532601,130.870019
sakashita_mobiki_to_mobiki,31.533526,130.869619
sakashita_mobiki_to_mobiki,31.533884,130.869601
sakashita_mobiki_to_mobiki,31.535696,130.870200
sakashita_mobiki_to_mobiki,31.536054,130.870185
sakashita_mobiki_to_mobiki,31.539515,130.868719
sakashita_mobiki_to_mobiki,31.542352,130.865846
gunkyo_iriguchi_to_sakashita_mobiki,31.521484,130.868701
gunkyo_iriguchi_to_sakashita_mobiki,31.521837,130.868744
gunkyo_iriguchi_to_sakashita_mobiki,31.521999,130.868835
gunkyo_iriguchi_to_sakashita_mobiki,31.522070,130.868900
gunkyo_iriguchi_to_sakashita_mobiki,31.522178,130.869065
gunkyo_iriguchi_to_sakashita_mobiki,31.522705,130.871837
gunkyo_iriguchi_to_sakashita_mobiki,31.522667,130.872147
gunkyo_iriguchi_to_sakashita_mobiki,31.522585,130.872332
gunkyo_iriguchi_to_sakashita_mobiki,31.521540,130.873314
gunkyo_iriguchi_to_sakashita_mobiki,31.521447,130.873492
gunkyo_iriguchi_to_sakashita_mobiki,31.521417,130.873592
gunkyo_iriguchi_to_sakashita_mobiki,31.521420,130.873906
gunkyo_iriguchi_to_sakashita_mobiki,31.521638,130.874708
gunkyo_iriguchi_to_sakashita_mobiki,31.521732,130.874888
gunkyo_iriguchi_to_sakashita_mobiki,31.521794,130.874964
gunkyo_iriguchi_to_sakashita_mobiki,31.522034,130.875103
gunkyo_iriguchi_to_sakashita_mobiki,31.522213,130.875104
gunkyo_iriguchi_to_sakashita_mobiki,31.522389,130.875060
gunkyo_iriguchi_to_sakashita_mobiki,31.523041,130.874713
gunkyo_iriguchi_to_sakashita_mobiki,31.524298,130.874673
gunkyo_iriguchi_to_sakashita_mobiki,31.524562,130.874736
gunkyo_iriguchi_to_sakashita_mobiki,31.524855,130.874975
gunkyo_iriguchi_to_sakashita_mobiki,31.525218,130.875577
gunkyo_iriguchi_to_sakashita_mobiki,31.525359,130.875706
gunkyo_iriguchi_to_sakashita_mobiki,31.525522,130.875786
gunkyo_iriguchi_to_sakashita_mobiki,31.526401,130.875995
gunkyo_iriguchi_to_sakashita_mobiki,31.527509,130.876687
gunkyo_iriguchi_to_sakashita_mobiki,31.529834,130.876770
gunkyo_iriguchi_to_sakashita_mobiki,31.530009,130.876724
gunkyo_iriguchi_to_sakashita_mobiki,31.530238,130.876561
gunkyo_iriguchi_to_sakashita_mobiki,31.530487,130.876065
osumiko_to_gunkyo_iriguchi,31.507298,130.860076
osumiko_to_gunkyo_iriguchi,31.507913,130.860227
osumiko_to_gunkyo_iriguchi,31.508365,130.860565
osumiko_to_gunkyo_iriguchi,31.509288,130.862116
osumiko_to_gunkyo_iriguchi,31.509447,130.862606
osumiko_to_gunkyo_iriguchi,31.509698,130.865646
osumiko_to_gunkyo_iriguchi,31.510854,130.868141
osumiko_to_gunkyo_iriguchi,31.511239,130.868579
osumiko_to_gunkyo_iriguchi,31.511651,130.868786
osumiko_to_gunkyo_iriguchi,31.512992,130.868865
osumiko_to_gunkyo_iriguchi,31.513165,130.868923
osumiko_to_gunkyo_iriguchi,31.513458,130.869161
osumiko_to_gunkyo_iriguchi,31.513570,130.869326
osumiko_to_gunkyo_iriguchi,31.513644,130.869515
osumiko_to_gunkyo_iriguchi,31.513700,130.870979
osumiko_to_gunkyo_iriguchi,31.513769,130.871173
osumiko_to_gunkyo_iriguchi,31.513933,130.871422
osumiko_to_gunkyo_iriguchi,31.515174,130.872459
osumiko_to_gunkyo_iriguchi,31.515439,130.872510
osumiko_to_gunkyo_iriguchi,31.515615,130.872475
osumiko_to_gunkyo_iriguchi,31.515778,130.872384
osumiko_to_gunkyo_iriguchi,31.516540,130.871353
osumiko_to_gunkyo_iriguchi,31.518338,130.870401
osumiko_to_gunkyo_iriguchi,31.519737,130.868773
osumiko_to_gunkyo_iriguchi,31.519976,130.868639
osumiko_to_gunkyo_iriguchi,31.520242,130.868590
osumiko_to_gunkyo_iriguchi,31.521484,130.868701
takakuma_to_osumiko,31.489462,130.874826
takakuma_to_osumiko,31.489935,130.875127
takakuma_to_osumiko,31.490001,130.875144
takakuma_to_osumiko,31.491463,130.871071
takakuma_to_osumiko,31.491586,130.870921
takakuma_to_osumiko,31.492590,130.870461
takakuma_to_osumiko,31.493036,130.870445
takakuma_to_osumiko,31.493973,130.870810
takakuma_to_osumiko,31.494509,130.870841
takakuma_to_osumiko,31.496451,130.870405
takakuma_to_osumiko,31.496533,130.870362
takakuma_to_osumiko,31.496600,130.870300
takakuma_to_osumiko,31.496647,130.870212
takakuma_to_osumiko,31.496658,130.870109
takakuma_to_osumiko,31.496642,130.870006
takakuma_to_osumiko,31.496659,130.869921
takakuma_to_osumiko,31.502006,130.864821
takakuma_to_osumiko,31.502749,130.863382
takakuma_to_osumiko,31.502999,130.863081
takakuma_to_osumiko,31.503914,130.862416
takakuma_to_osumiko,31.504367,130.861764
takakuma_to_osumiko,31.504702,130.861141
takakuma_to_osumiko,31.505049,130.860807
takakuma_to_osumiko,31.507109,130.860080
takakuma_to_osumiko,31.507278,130.860074
tanida_to_takakuma,31.473259,130.891404
tanida_to_takakuma,31.473482,130.890492
tanida_to_takakuma,31.473524,130.890400
tanida_to_takakuma,31.473583,130.890320
tanida_to_takakuma,31.473553,130.889906
tanida_to_takakuma,31.473614,130.889710
tanida_to_takakuma,31.473665,130.889625
tanida_to_takakuma,31.473731,130.889556
tanida_to_takakuma,31.473809,130.889505
tanida_to_takakuma,31.473896,130.889481
tanida_to_takakuma,31.475503,130.889276
tanida_to_takakuma,31.476749,130.888441
tanida_to_takakuma,31.476878,130.888295
tanida_to_takakuma,31.477554,130.886123
tanida_to_takakuma,31.478261,130.884906
tanida_to_takakuma,31.478392,130.883657
tanida_to_takakuma,31.478455,130.883461
tanida_to_takakuma,31.478510,130.883380
tanida_to_takakuma,31.478654,130.883255
tanida_to_takakuma,31.479165,130.883059
tanida_to_takakuma,31.479866,130.882892
tanida_to_takakuma,31.480459,130.882420
tanida_to_takakuma,31.481624,130.881870
tanida_to_takakuma,31.481800,130.881905
tanida_to_takakuma,31.482175,130.882192
tanida_to_takakuma,31.483290,130.882597
tanida_to_takakuma,31.483379,130.882600
tanida_to_takakuma,31.483551,130.882543
tanida_to_takakuma,31.484908,130.881336
tanida_to_takakuma,31.486543,130.879109
tanida_to_takakuma,31.486685,130.878981
tanida_to_takakuma,31.487022,130.878850
tanida_to_takakuma,31.488812,130.878690
tanida_to_takakuma,31.488975,130.878773
tanida_to_takakuma,31.489006,130.878803
tanida_to_takakuma,31.489043,130.878835
tanida_to_takakuma,31.489094,130.878920
tanida_to_takakuma,31.489225,130.879059
tanida_to_takakuma,31.489386,130.879143
tanida_to_takakuma,31.489457,130.879133
tanida_to_takakuma,31.489390,130.878613
tanida_to_takakuma,31.489440,130.878305
tanida_to_takakuma,31.489484,130.878214
tanida_to_takakuma,31.489733,130.877911
tanida_to_takakuma,31.489908,130.877428
tanida_to_takakuma,31.489906,130.877425
tanida_to_takakuma,31.489990,130.877019
tanida_to_takakuma,31.489976,130.876285
tanida_to_takakuma,31.490041,130.875980
tanida_to_takakuma,31.490222,130.875616
tanida_to_takakuma,31.490250,130.875516
tanida_to_takakuma,31.490248,130.875411
tanida_to_takakuma,31.490202,130.875323
tanida_to_takakuma,31.489462,130.874826
shinbori_to_tanida,31.440190,130.883538
shinbori_to_tanida,31.462828,130.884115
shinbori_to_tanida,31.463367,130.883407
shinbori_to_tanida,31.463434,130.883442
shinbori_to_tanida,31.464830,130.884757
shinbori_to_tanida,31.464919,130.884756
shinbori_to_tanida,31.465587,130.885065
shinbori_to_tanida,31.465720,130.885204
shinbori_to_tanida,31.465851,130.885475
shinbori_to_tanida,31.465890,130.885890
shinbori_to_tanida,31.465961,130.886081
shinbori_to_tanida,31.466014,130.886166
shinbori_to_tanida,31.466155,130.886286
shinbori_to_tanida,31.467199,130.886572
shinbori_to_tanida,31.467272,130.886632
shinbori_to_tanida,31.467384,130.886791
shinbori_to_tanida,31.467447,130.886985
shinbori_to_tanida,31.467460,130.887193
shinbori_to_tanida,31.467140,130.889260
shinbori_to_tanida,31.467140,130.889365
shinbori_to_tanida,31.467215,130.889884
shinbori_to_tanida,31.467251,130.889980
shinbori_to_tanida,31.467304,130.890064
shinbori_to_tanida,31.467666,130.890377
shinbori_to_tanida,31.467831,130.890460
shinbori_to_tanida,31.468009,130.890480
shinbori_to_tanida,31.468811,130.890391
shinbori_to_tanida,31.469164,130.890449
shinbori_to_tanida,31.469253,130.890429
shinbori_to_tanida,31.469328,130.890383
shinbori_to_tanida,31.469471,130.890118
shinbori_to_tanida,31.469500,130.890019
shinbori_to_tanida,31.469500,130.889914
shinbori_to_tanida,31.469439,130.889718
shinbori_to_tanida,31.469120,130.889350
shinbori_to_tanida,31.469077,130.889257
shinbori_to_tanida,31.469054,130.889155
shinbori_to_tanida,31.469050,130.889050
shinbori_to_tanida,31.469163,130.888653
shinbori_to_tanida,31.469209,130.888562
shinbori_to_tanida,31.469275,130.888495
shinbori_to_tanida,31.469440,130.888413
shinbori_to_tanida,31.469528,130.888392
shinbori_to_tanida,31.469611,130.888421
shinbori_to_tanida,31.469670,130.888500
shinbori_to_tanida,31.469791,130.888893
shinbori_to_tanida,31.469836,130.888984
shinbori_to_tanida,31.469901,130.889056
shinbori_to_tanida,31.470779,130.889579
shinbori_to_tanida,31.470897,130.889733
shinbori_to_tanida,31.471953,130.891687
shinbori_to_tanida,31.472225,130.891960
shinbori_to_tanida,31.472307,130.892000
shinbori_to_tanida,31.472998,130.891782
shinbori_to_tanida,31.473075,130.891732
shinbori_to_tanida,31.473194,130.891576
shinbori_to_tanida,31.473259,130.891404
asahibaru_to_shinbori,31.408468,130.880846
asahibaru_to_shinbori,31.410768,130.882879
asahibaru_to_shinbori,31.410853,130.882850
asahibaru_to_shinbori,31.440190,130.883538
kotobuki_to_asahibaru,31.386091,130.859959
kotobuki_to_asahibaru,31.386309,130.861196
kotobuki_to_asahibaru,31.408468,130.880846
oaira_to_sakamoto,31.333656,130.834727
oaira_to_sakamoto,31.333725,130.832841
oaira_to_sakamoto,31.333320,130.831561
oaira_to_sakamoto,31.333310,130.831457
oaira_to_sakamoto,31.333315,130.831353
oaira_to_sakamoto,31.333660,130.830047
oaira_to_sakamoto,31.333649,130.829838
oaira_to_sakamoto,31.333340,130.828854
oaira_to_sakamoto,31.333321,130.828645
oaira_to_sakamoto,31.333356,130.828228
oaira_to_sakamoto,31.333736,130.826940
oaira_to_sakamoto,31.334012,130.822541
oaira_to_sakamoto,31.334549,130.820870
oaira_to_sakamoto,31.334580,130.820558
oaira_to_sakamoto,31.334179,130.818948
oaira_to_sakamoto,31.334077,130.818775
oaira_to_sakamoto,31.333794,130.818520
oaira_to_sakamoto,31.333252,130.818152
oaira_to_sakamoto,31.333126,130.818003
oaira_to_sakamoto,31.332909,130.817546
oaira_to_sakamoto,31.332461,130.815948
oaira_to_sakamoto,31.332433,130.815529
oaira_to_sakamoto,31.332509,130.815011
oaira_to_sakamoto,31.332920,130.813511
oaira_to_sakamoto,31.332921,130.813197
oaira_to_sakamoto,31.332880,130.812992
oaira_to_sakamoto,31.332694,130.812634
oaira_to_sakamoto,31.331972,130.811845
oaira_to_sakamoto,31.328062,130.809506
oaira_to_sakamoto,31.327738,130.809143
oaira_to_sakamoto,31.326799,130.807604
oaira_to_sakamoto,31.326699,130.807204
oaira_to_sakamoto,31.326701,130.806786
oaira_to_sakamoto,31.326901,130.805870
oaira_to_sakamoto,31.327110,130.805533
oaira_to_sakamoto,31.327828,130.804742
oaira_to_sakamoto,31.328356,130.803765
oaira_to_sakamoto,31.328407,130.803748
mobiki_to_kihoku_shisho,31.542352,130.865846
mobiki_to_kihoku_shisho,31.544214,130.864825
mobiki_to_kihoku_shisho,31.545449,130.864560
mobiki_to_kihoku_shisho,31.546843,130.864726
takasu_to_okamura_hamada,31.349269,130.795443
takasu_to_okamura_hamada,31.351710,130.796135
takasu_to_okamura_hamada,31.351784,130.796179
takasu_to_okamura_hamada,31.351960,130.797634
takasu_to_okamura_hamada,31.351913,130.797836
takasu_to_okamura_hamada,31.351757,130.798093
takasu_to_okamura_hamada,31.351501,130.798388
takasu_to_okamura_hamada,31.351373,130.798661
takasu_to_okamura_hamada,31.351298,130.799600
takasu_to_okamura_hamada,31.351329,130.799807
takasu_to_okamura_hamada,31.351423,130.799983
takasu_to_okamura_hamada,31.351636,130.800173
takasu_to_okamura_hamada,31.353305,130.800578
takasu_to_okamura_hamada,31.353530,130.800750
takasu_to_okamura_hamada,31.354187,130.801747
takasu_to_okamura_hamada,31.354689,130.803091
takasu_to_okamura_hamada,31.355981,130.804698
takasu_to_okamura_hamada,31.357860,130.806322
takasu_to_okamura_hamada,31.357979,130.806478
takasu_to_okamura_hamada,31.358586,130.808116
takasu_to_okamura_hamada,31.358620,130.808321
takasu_to_okamura_hamada,31.358482,130.811262
takasu_to_okamura_hamada,31.358750,130.813131
takasu_to_okamura_hamada,31.359784,130.814713
takasu_to_okamura_hamada,31.359861,130.814903
takasu_to_okamura_hamada,31.360061,130.817094
takasu_to_okamura_hamada,31.360212,130.817588
takasu_to_okamura_hamada,31.362804,130.823331
takasu_to_okamura_hamada,31.362845,130.823390
takasu_to_hamada,31.349269,130.795443
takasu_to_hamada,31.346945,130.794320
takasu_to_hamada,31.346858,130.794320
takasu_to_hamada,31.346771,130.794340
takasu_to_hamada,31.346687,130.794379
takasu_to_hamada,31.346613,130.794437
takasu_to_hamada,31.345560,130.796391
takasu_to_hamada,31.342906,130.799229
takasu_to_hamada,31.342853,130.799313
takasu_to_hamada,31.342791,130.799497
takasu_to_hamada,31.342036,130.799827
takasu_to_hamada,31.334968,130.804418
takasu_to_hamada,31.334353,130.804550
takasu_to_hamada,31.334106,130.804538
kihoku_shisho_to_ichinari,31.546843,130.864726
kihoku_shisho_to_ichinari,31.549303,130.865694
kihoku_shisho_to_ichinari,31.550796,130.867035
kihoku_shisho_to_ichinari,31.553455,130.870168
kihoku_shisho_to_ichinari,31.556831,130.872354
kihoku_shisho_to_ichinari,31.559408,130.873262
kihoku_shisho_to_ichinari,31.560481,130.873266
kihoku_shisho_to_ichinari,31.561841,130.872744
kihoku_shisho_to_ichinari,31.565119,130.869485
kihoku_shisho_to_ichinari,31.565873,130.869145
kihoku_shisho_to_ichinari,31.567717,130.868680
kihoku_shisho_to_ichinari,31.569271,130.867622
kihoku_shisho_to_ichinari,31.569442,130.867560
kihoku_shisho_to_ichinari,31.569621,130.867550
kihoku_shisho_to_ichinari,31.573186,130.869287
kihoku_shisho_to_ichinari,31.573331,130.869411
kihoku_shisho_to_ichinari,31.573435,130.869581
kihoku_shisho_to_ichinari,31.573504,130.869775
kihoku_shisho_to_ichinari,31.573550,130.870086
kihoku_shisho_to_ichinari,31.573521,130.870293
kihoku_shisho_to_ichinari,31.572663,130.872493
kihoku_shisho_to_ichinari,31.572591,130.875017
kihoku_shisho_to_ichinari,31.572724,130.875519
kihoku_shisho_to_ichinari,31.573068,130.876255
kihoku_shisho_to_ichinari,31.573369,130.876480
kihoku_shisho_to_ichinari,31.573536,130.876558
kihoku_shisho_to_ichinari,31.573982,130.876571
kihoku_shisho_to_ichinari,31.576838,130.874801
kihoku_shisho_to_ichinari,31.576964,130.874656
kihoku_shisho_to_ichinari,31.577052,130.874474
kihoku_shisho_to_ichinari,31.577098,130.874271
kihoku_shisho_to_ichinari,31.577076,130.873745
kihoku_shisho_to_ichinari,31.576880,130.872614
kihoku_shisho_to_ichinari,31.576894,130.872512
kihoku_shisho_to_ichinari,31.576934,130.872419
kihoku_shisho_to_ichinari,31.577200,130.872138
kihoku_shisho_to_ichinari,31.577661,130.871821
kihoku_shisho_to_ichinari,31.577942,130.871416
kihoku_shisho_to_ichinari,31.578693,130.869503
kihoku_shisho_to_ichinari,31.578710,130.869294
kihoku_shisho_to_ichinari,31.578637,130.868991
kihoku_shisho_to_ichinari,31.578409,130.868305
kihoku_shisho_to_ichinari,31.578400,130.868096
kihoku_shisho_to_ichinari,31.578472,130.867793
kihoku_shisho_to_ichinari,31.578515,130.867700
kihoku_shisho_to_ichinari,31.578571,130.867619
kihoku_shisho_to_ichinari,31.578784,130.867425
kihoku_shisho_to_ichinari,31.579895,130.867024
kihoku_shisho_to_ichinari,31.581554,130.865768
kihoku_shisho_to_ichinari,31.581618,130.865693
kihoku_shisho_to_ichinari,31.582867,130.862198
kihoku_shisho_to_ichinari,31.582992,130.862048
kihoku_shisho_to_ichinari,31.585029,130.861244
kihoku_shisho_to_ichinari,31.588658,130.857312
kihoku_shisho_to_ichinari,31.588657,130.857305
takeshita_to_sakashita_mobiki,31.521308,130.905590
takeshita_to_sakashita_mobiki,31.522156,130.903039
takeshita_to_sakashita_mobiki,31.523114,130.901139
takeshita_to_sakashita_mobiki,31.523341,130.899055
takeshita_to_sakashita_mobiki,31.523597,130.898157
takeshita_to_sakashita_mobiki,31.523710,130.894468
takeshita_to_sakashita_mobiki,31.523573,130.893968
takeshita_to_sakashita_mobiki,31.521688,130.891573
takeshita_to_sakashita_mobiki,31.521432,130.890903
takeshita_to_sakashita_mobiki,31.521201,130.887436
takeshita_to_sakashita_mobiki,31.521242,130.887231
takeshita_to_sakashita_mobiki,31.521319,130.887042
takeshita_to_sakashita_mobiki,31.521709,130.886611
takeshita_to_sakashita_mobiki,31.522918,130.885702
takeshita_to_sakashita_mobiki,31.523272,130.885226
takeshita_to_sakashita_mobiki,31.524030,130.883794
takeshita_to_sakashita_mobiki,31.525060,130.883157
takeshita_to_sakashita_mobiki,31.525321,130.883080
takeshita_to_sakashita_mobiki,31.526755,130.883008
takeshita_to_sakashita_mobiki,31.528211,130.882474
takeshita_to_sakashita_mobiki,31.528435,130.882300
takeshita_to_sakashita_mobiki,31.530340,130.879777
takeshita_to_sakashita_mobiki,31.530549,130.879084
takeshita_to_sakashita_mobiki,31.530492,130.878142
takeshita_to_sakashita_mobiki,31.530223,130.876811
takeshita_to_sakashita_mobiki,31.530163,130.876627
takeshita_to_sakashita_mobiki,31.530234,130.876564
takeshita_to_sakashita_mobiki,31.530469,130.876119
takeshita_to_sakashita_mobiki,31.530487,130.876065
harabeppu_sanmonji_to_takeshita,31.502153,130.915212
harabeppu_sanmonji_to_takeshita,31.502209,130.915289
harabeppu_sanmonji_to_takeshita,31.502353,130.915408
harabeppu_sanmonji_to_takeshita,31.502391,130.915358
harabeppu_sanmonji_to_takeshita,31.502530,130.915089
harabeppu_sanmonji_to_takeshita,31.502590,130.915010
harabeppu_sanmonji_to_takeshita,31.504219,130.914135
harabeppu_sanmonji_to_takeshita,31.507162,130.910731
harabeppu_sanmonji_to_takeshita,31.511695,130.908434
harabeppu_sanmonji_to_takeshita,31.511872,130.908400
harabeppu_sanmonji_to_takeshita,31.512227,130.908458
harabeppu_sanmonji_to_takeshita,31.514389,130.909959
harabeppu_sanmonji_to_takeshita,31.514647,130.910053
harabeppu_sanmonji_to_takeshita,31.514915,130.910048
harabeppu_sanmonji_to_takeshita,31.517407,130.909158
harabeppu_sanmonji_to_takeshita,31.518313,130.908480
harabeppu_sanmonji_to_takeshita,31.519966,130.908002
harabeppu_sanmonji_to_takeshita,31.520766,130.907156
harabeppu_sanmonji_to_takeshita,31.521307,130.905599
harabeppu_sanmonji_to_takeshita,31.521308,130.905590
takakuma_to_harabeppu_sanmonji,31.489462,130.874827
takakuma_to_harabeppu_sanmonji,31.490167,130.875288
takakuma_to_harabeppu_sanmonji,31.490229,130.875364
takakuma_to_harabeppu_sanmonji,31.490250,130.875463
takakuma_to_harabeppu_sanmonji,31.490238,130.875567
takakuma_to_harabeppu_sanmonji,31.490027,130.876029
takakuma_to_harabeppu_sanmonji,31.489960,130.876441
takakuma_to_harabeppu_sanmonji,31.489985,130.877071
takakuma_to_harabeppu_sanmonji,31.489799,130.877773
takakuma_to_harabeppu_sanmonji,31.489702,130.877948
takakuma_to_harabeppu_sanmonji,31.489461,130.878259
takakuma_to_harabeppu_sanmonji,31.489404,130.878456
takakuma_to_harabeppu_sanmonji,31.489390,130.878665
takakuma_to_harabeppu_sanmonji,31.489587,130.880227
takakuma_to_harabeppu_sanmonji,31.489055,130.883205
takakuma_to_harabeppu_sanmonji,31.488974,130.883392
takakuma_to_harabeppu_sanmonji,31.488920,130.883473
takakuma_to_harabeppu_sanmonji,31.488625,130.883707
takakuma_to_harabeppu_sanmonji,31.487481,130.884316
takakuma_to_harabeppu_sanmonji,31.487140,130.884444
takakuma_to_harabeppu_sanmonji,31.486920,130.884619
takakuma_to_harabeppu_sanmonji,31.486817,130.884790
takakuma_to_harabeppu_sanmonji,31.486770,130.884992
takakuma_to_harabeppu_sanmonji,31.486790,130.885410
takakuma_to_harabeppu_sanmonji,31.486968,130.886335
takakuma_to_harabeppu_sanmonji,31.487062,130.886512
takakuma_to_harabeppu_sanmonji,31.487291,130.886675
takakuma_to_harabeppu_sanmonji,31.488218,130.887059
takakuma_to_harabeppu_sanmonji,31.488366,130.887176
takakuma_to_harabeppu_sanmonji,31.489081,130.887970
takakuma_to_harabeppu_sanmonji,31.489598,130.888388
takakuma_to_harabeppu_sanmonji,31.489658,130.888464
takakuma_to_harabeppu_sanmonji,31.489746,130.888648
takakuma_to_harabeppu_sanmonji,31.489982,130.889554
takakuma_to_harabeppu_sanmonji,31.490091,130.889721
takakuma_to_harabeppu_sanmonji,31.490246,130.889823
takakuma_to_harabeppu_sanmonji,31.491232,130.889827
takakuma_to_harabeppu_sanmonji,31.491569,130.889964
takakuma_to_harabeppu_sanmonji,31.491780,130.890160
takakuma_to_harabeppu_sanmonji,31.492108,130.890784
takakuma_to_harabeppu_sanmonji,31.492238,130.891396
takakuma_to_harabeppu_sanmonji,31.492290,130.892130
takakuma_to_harabeppu_sanmonji,31.492263,130.892231
takakuma_to_harabeppu_sanmonji,31.491747,130.893091
takakuma_to_harabeppu_sanmonji,31.490187,130.894323
takakuma_to_harabeppu_sanmonji,31.490069,130.894482
takakuma_to_harabeppu_sanmonji,31.490027,130.894575
takakuma_to_harabeppu_sanmonji,31.490001,130.894675
takakuma_to_harabeppu_sanmonji,31.489993,130.894885
takakuma_to_harabeppu_sanmonji,31.490034,130.895090
takakuma_to_harabeppu_sanmonji,31.490373,130.896065
takakuma_to_harabeppu_sanmonji,31.491162,130.896908
takakuma_to_harabeppu_sanmonji,31.491258,130.897085
takakuma_to_harabeppu_sanmonji,31.491350,130.897595
takakuma_to_harabeppu_sanmonji,31.491337,130.898013
takakuma_to_harabeppu_sanmonji,31.490684,130.899270
takakuma_to_harabeppu_sanmonji,31.490640,130.899581
takakuma_to_harabeppu_sanmonji,31.490680,130.899785
takakuma_to_harabeppu_sanmonji,31.490924,130.900346
takakuma_to_harabeppu_sanmonji,31.490984,130.900424
takakuma_to_harabeppu_sanmonji,31.491136,130.900534
takakuma_to_harabeppu_sanmonji,31.491314,130.900560
takakuma_to_harabeppu_sanmonji,31.491402,130.900541
takakuma_to_harabeppu_sanmonji,31.491565,130.900461
takakuma_to_harabeppu_sanmonji,31.492181,130.900045
takakuma_to_harabeppu_sanmonji,31.492260,130.900013
takakuma_to_harabeppu_sanmonji,31.492436,130.899983
takakuma_to_harabeppu_sanmonji,31.494357,130.900499
takakuma_to_harabeppu_sanmonji,31.495656,130.900102
takakuma_to_harabeppu_sanmonji,31.496012,130.900110
takakuma_to_harabeppu_sanmonji,31.496184,130.900170
takakuma_to_harabeppu_sanmonji,31.496261,130.900221
takakuma_to_harabeppu_sanmonji,31.496314,130.900305
takakuma_to_harabeppu_sanmonji,31.496351,130.900401
takakuma_to_harabeppu_sanmonji,31.496561,130.900741
takakuma_to_harabeppu_sanmonji,31.497208,130.901092
takakuma_to_harabeppu_sanmonji,31.497468,130.901174
takakuma_to_harabeppu_sanmonji,31.497618,130.901289
takakuma_to_harabeppu_sanmonji,31.498412,130.902682
takakuma_to_harabeppu_sanmonji,31.499690,130.903663
takakuma_to_harabeppu_sanmonji,31.501686,130.906512
takakuma_to_harabeppu_sanmonji,31.501728,130.906605
takakuma_to_harabeppu_sanmonji,31.501754,130.906705
takakuma_to_harabeppu_sanmonji,31.502093,130.915022
takakuma_to_harabeppu_sanmonji,31.502138,130.915188
kamiharaigawa_to_takakuma,31.442915,130.857778
kamiharaigawa_to_takakuma,31.452053,130.858517
kamiharaigawa_to_takakuma,31.453844,130.858341
kamiharaigawa_to_takakuma,31.455212,130.857557
kamiharaigawa_to_takakuma,31.455300,130.857540
kamiharaigawa_to_takakuma,31.455476,130.857579
kamiharaigawa_to_takakuma,31.455635,130.857674
kamiharaigawa_to_takakuma,31.455703,130.857741
kamiharaigawa_to_takakuma,31.456258,130.859057
kamiharaigawa_to_takakuma,31.460062,130.862591
kamiharaigawa_to_takakuma,31.464877,130.865392
kamiharaigawa_to_takakuma,31.466574,130.865542
kamiharaigawa_to_takakuma,31.467138,130.865864
kamiharaigawa_to_takakuma,31.467283,130.865987
kamiharaigawa_to_takakuma,31.467793,130.866412
kamiharaigawa_to_takakuma,31.470819,130.869200
kamiharaigawa_to_takakuma,31.471144,130.869381
kamiharaigawa_to_takakuma,31.471584,130.869480
kamiharaigawa_to_takakuma,31.475159,130.869081
kamiharaigawa_to_takakuma,31.476129,130.869238
kamiharaigawa_to_takakuma,31.476115,130.869445
kamiharaigawa_to_takakuma,31.476155,130.869540
kamiharaigawa_to_takakuma,31.476448,130.869937
kamiharaigawa_to_takakuma,31.476970,130.870917
kamiharaigawa_to_takakuma,31.477250,130.871179
kamiharaigawa_to_takakuma,31.477751,130.871405
kamiharaigawa_to_takakuma,31.477930,130.871430
kamiharaigawa_to_takakuma,31.479330,130.871090
kamiharaigawa_to_takakuma,31.479769,130.871166
kamiharaigawa_to_takakuma,31.480623,130.871483
kamiharaigawa_to_takakuma,31.481154,130.871588
kamiharaigawa_to_takakuma,31.481568,130.871793
kamiharaigawa_to_takakuma,31.482122,130.872137
kamiharaigawa_to_takakuma,31.482472,130.872225
kamiharaigawa_to_takakuma,31.482652,130.872220
kamiharaigawa_to_takakuma,31.483080,130.872066
kamiharaigawa_to_takakuma,31.484272,130.871336
kamiharaigawa_to_takakuma,31.484534,130.871265
kamiharaigawa_to_takakuma,31.484799,130.871306
kamiharaigawa_to_takakuma,31.484884,130.871342
kamiharaigawa_to_takakuma,31.486149,130.872675
kamiharaigawa_to_takakuma,31.489450,130.874823
kamiharaigawa_to_takakuma,31.489462,130.874827
oozono_to_kamiharaigawa,31.415504,130.848760
oozono_to_kamiharaigawa,31.415584,130.848575
oozono_to_kamiharaigawa,31.415639,130.848492
oozono_to_kamiharaigawa,31.415789,130.848377
oozono_to_kamiharaigawa,31.416047,130.848292
oozono_to_kamiharaigawa,31.417021,130.848471
oozono_to_kamiharaigawa,31.417427,130.848693
oozono_to_kamiharaigawa,31.418221,130.849691
oozono_to_kamiharaigawa,31.418754,130.851250
oozono_to_kamiharaigawa,31.418983,130.851573
oozono_to_kamiharaigawa,31.419523,130.851945
oozono_to_kamiharaigawa,31.420371,130.852275
oozono_to_kamiharaigawa,31.420818,130.852246
oozono_to_kamiharaigawa,31.421077,130.852161
oozono_to_kamiharaigawa,31.421631,130.851819
oozono_to_kamiharaigawa,31.422157,130.851690
oozono_to_kamiharaigawa,31.423142,130.851765
oozono_to_kamiharaigawa,31.424707,130.850971
oozono_to_kamiharaigawa,31.424795,130.850950
oozono_to_kamiharaigawa,31.425064,130.850970
oozono_to_kamiharaigawa,31.425938,130.851212
oozono_to_kamiharaigawa,31.426434,130.851663
oozono_to_kamiharaigawa,31.427025,130.851893
oozono_to_kamiharaigawa,31.428200,130.852858
oozono_to_kamiharaigawa,31.428782,130.853135
oozono_to_kamiharaigawa,31.429302,130.853547
oozono_to_kamiharaigawa,31.430172,130.853800
oozono_to_kamiharaigawa,31.430350,130.853797
oozono_to_kamiharaigawa,31.430434,130.853766
oozono_to_kamiharaigawa,31.430506,130.853704
oozono_to_kamiharaigawa,31.430748,130.853392
oozono_to_kamiharaigawa,31.430820,130.853330
oozono_to_kamiharaigawa,31.430899,130.853284
oozono_to_kamiharaigawa,31.431077,130.853280
oozono_to_kamiharaigawa,31.432123,130.853874
oozono_to_kamiharaigawa,31.432966,130.854231
oozono_to_kamiharaigawa,31.433260,130.854472
oozono_to_kamiharaigawa,31.433450,130.854697
oozono_to_kamiharaigawa,31.433538,130.854873
oozono_to_kamiharaigawa,31.434515,130.855958
oozono_to_kamiharaigawa,31.440324,130.857780
oozono_to_kamiharaigawa,31.440411,130.857788
oozono_to_kamiharaigawa,31.440669,130.857711
oozono_to_kamiharaigawa,31.441360,130.857230
oozono_to_kamiharaigawa,31.441538,130.857220
oozono_to_kamiharaigawa,31.442890,130.857774
oozono_to_kamiharaigawa,31.442915,130.857778
utsuma_to_oozono,31.393929,130.854093
utsuma_to_oozono,31.394800,130.854333
utsuma_to_oozono,31.399109,130.854597
utsuma_to_oozono,31.401239,130.855432
utsuma_to_oozono,31.401316,130.855487
utsuma_to_oozono,31.401431,130.855647
utsuma_to_oozono,31.401601,130.856011
utsuma_to_oozono,31.401665,130.856085
utsuma_to_oozono,31.401828,130.856169
utsuma_to_oozono,31.402007,130.856175
utsuma_to_oozono,31.402272,130.856120
utsuma_to_oozono,31.406848,130.856309
utsuma_to_oozono,31.407552,130.856141
utsuma_to_oozono,31.407818,130.856173
utsuma_to_oozono,31.408554,130.856561
utsuma_to_oozono,31.408822,130.856557
utsuma_to_oozono,31.408897,130.856503
utsuma_to_oozono,31.408950,130.856428
utsuma_to_oozono,31.409115,130.856347
utsuma_to_oozono,31.409328,130.856155
utsuma_to_oozono,31.409839,130.855426
utsuma_to_oozono,31.411011,130.854653
utsuma_to_oozono,31.411983,130.854454
utsuma_to_oozono,31.413135,130.853457
utsuma_to_oozono,31.413374,130.853142
utsuma_to_oozono,31.414445,130.850830
utsuma_to_oozono,31.415185,130.850069
utsuma_to_oozono,31.415264,130.849881
utsuma_to_oozono,31.415504,130.848760
kanoya_to_utsuma,31.388793,130.850198
kanoya_to_utsuma,31.389645,130.850517
kanoya_to_utsuma,31.393879,130.854067
kanoya_to_utsuma,31.393929,130.854093
tarumizu_port_to_tarumizu,31.484401,130.691989
tarumizu_port_to_tarumizu,31.484487,130.691970
tarumizu_port_to_tarumizu,31.484570,130.691990
tarumizu_port_to_tarumizu,31.484615,130.692076
tarumizu_port_to_tarumizu,31.484630,130.692496
tarumizu_port_to_tarumizu,31.484614,130.692598
tarumizu_port_to_tarumizu,31.484557,130.692673
tarumizu_port_to_tarumizu,31.482676,130.692738
tarumizu_port_to_tarumizu,31.482611,130.692768
tarumizu_port_to_tarumizu,31.483115,130.695652
tarumizu_port_to_tarumizu,31.483151,130.695749
tarumizu_port_to_tarumizu,31.483221,130.695788
tarumizu_port_to_tarumizu,31.484315,130.696244
tarumizu_port_to_tarumizu,31.485415,130.696958
tarumizu_port_to_tarumizu,31.485479,130.697028
tarumizu_port_to_tarumizu,31.485736,130.697203
tarumizu_port_to_tarumizu,31.489298,130.700151
tarumizu_port_to_tarumizu,31.492213,130.701536
tarumizu_port_to_tarumizu,31.492261,130.701478
tarumizu_port_to_tarumizu,31.493227,130.699097
tarumizu_port_to_tarumizu,31.493188,130.699015
tarumizu_port_to_tarumizu,31.493227,130.698815
tarumizu_port_to_tarumizu,31.493444,130.698481
tarumizu_port_to_tarumizu,31.493521,130.698440
tarumizu_port_to_tarumizu,31.493564,130.698362
tarumizu_port_to_tarumizu,31.493619,130.698182
minatohira_to_tarumizu_port,31.482435,130.695758
minatohira_to_tarumizu_port,31.482709,130.695750
minatohira_to_tarumizu_port,31.482876,130.695680
minatohira_to_tarumizu_port,31.482952,130.695626
minatohira_to_tarumizu_port,31.482990,130.695536
minatohira_to_tarumizu_port,31.482998,130.695431
minatohira_to_tarumizu_port,31.482530,130.693075
minatohira_to_tarumizu_port,31.482521,130.692759
minatohira_to_tarumizu_port,31.482594,130.692740
minatohira_to_tarumizu_port,31.484032,130.692701
minatohira_to_tarumizu_port,31.484114,130.692666
minatohira_to_tarumizu_port,31.484166,130.692584
minatohira_to_tarumizu_port,31.484190,130.692484
minatohira_to_tarumizu_port,31.484190,130.692273
minatohira_to_tarumizu_port,31.484209,130.692172
minatohira_to_tarumizu_port,31.484261,130.692089
minatohira_to_tarumizu_port,31.484401,130.691989
tarumizu_to_minatohira,31.493619,130.698182
tarumizu_to_minatohira,31.493559,130.698378
tarumizu_to_minatohira,31.493580,130.698566
tarumizu_to_minatohira,31.493439,130.699061
tarumizu_to_minatohira,31.493359,130.699098
tarumizu_to_minatohira,31.493270,130.699090
tarumizu_to_minatohira,31.493208,130.699143
tarumizu_to_minatohira,31.492242,130.701523
tarumizu_to_minatohira,31.489180,130.700080
tarumizu_to_minatohira,31.486314,130.697544
tarumizu_to_minatohira,31.486067,130.697419
tarumizu_to_minatohira,31.486054,130.697408
tarumizu_to_minatohira,31.485442,130.697002
tarumizu_to_minatohira,31.485379,130.696930
tarumizu_to_minatohira,31.483532,130.695856
tarumizu_to_minatohira,31.482435,130.695758
minatohira_to_tarumizu,31.482435,130.695758
minatohira_to_tarumizu,31.483424,130.695825
minatohira_to_tarumizu,31.485361,130.696918
minatohira_to_tarumizu,31.486048,130.697409
minatohira_to_tarumizu,31.486054,130.697408
minatohira_to_tarumizu,31.489322,130.700164
minatohira_to_tarumizu,31.492232,130.701545
minatohira_to_tarumizu,31.493199,130.699165
minatohira_to_tarumizu,31.493215,130.699075
minatohira_to_tarumizu,31.493181,130.698986
minatohira_to_tarumizu,31.493237,130.698787
minatohira_to_tarumizu,31.493462,130.698458
minatohira_to_tarumizu,31.493542,130.698432
minatohira_to_tarumizu,31.493619,130.698182
kanoya_to_kotobuki,31.388773,130.850192
kanoya_to_kotobuki,31.388248,130.850028
kanoya_to_kotobuki,31.388176,130.850040
kanoya_to_kotobuki,31.387316,130.851244
kanoya_to_kotobuki,31.386189,130.852737
kanoya_to_kotobuki,31.386114,130.852928
kanoya_to_kotobuki,31.386080,130.853345
kanoya_to_kotobuki,31.386119,130.853656
kanoya_to_kotobuki,31.386184,130.853852
kanoya_to_kotobuki,31.386670,130.854851
kanoya_to_kotobuki,31.386750,130.855366
kanoya_to_kotobuki,31.386681,130.855987
kanoya_to_kotobuki,31.386133,130.857987
kanoya_to_kotobuki,31.386080,130.859877
kanoya_to_kotobuki,31.386091,130.859959
tarumizu_hp_to_tarumizu,31.490150,130.694664
tarumizu_hp_to_tarumizu,31.493710,130.697881
tarumizu_hp_to_tarumizu,31.493619,130.698182
